Degrees,Signal
0,398
0,397
0,417
0,398
0,398
0,419
0,398
0,398
0,398
0,397
0,398
0,398
0,397
0,397
0,422
0,398
0,398
0,419
0,398
0,398
0,398
0,397
0,398
0,397
0,397
0,397
0,400
0,398
0,398
0,399
0,398
0,398
0,398
0,397
0,397
0,397
0,397
0,397
0,399
0,398
0,397
0,398
0,398
0,398
0,398
0,397
0,398
0,397
0,397
0,397
0,398
0,398
0,393
0,398
0,398
0,393
0,398
0,398
0,398
0,397
0,397
0,397
0,398
0,398
0,411
0,398
0,398
0,416
0,398
0,398
0,397
0,397
0,397
0,397
0,398
0,398
0,421
0,398
0,398
0,422
0,397
0,398
0,397
0,397
0,397
0,398
0,398
0,398
0,403
0,398
0,398
0,400
0,398
0,397
0,397
0,397
0,397
0,397
0,398
0,398
0,399
0,398
0,398
0,399
0,398
0,397
0,397
0,397
0,398
0,397
0,398
0,398
0,398
0,398
0,396
0,398
0,397
0,398
0,397
0,398
0,397
0,397
0,398
0,393
0,398
0,398
0,393
0,398
0,398
0,397
0,397
0,398
0,397
0,397
0,397
0,416
0,398
0,398
0,419
0,398
0,398
0,397
0,397
0,397
0,397
0,397
0,398
0,421
0,398
0,398
0,422
0,398
0,397
0,397
0,397
0,398
0,397
0,397
0,397
0,407
0,398
0,398
0,400
0,398
0,398
0,397
0,398
0,397
0,397
0,398
0,398
0,399
0,398
0,397
0,399
0,398
0,397
0,397
0,397
0,397
0,397
0,397
0,398
0,398
0,398
0,396
0,398
0,398
0,397
0,397
0,398
0,397
0,397
0,397
0,393
0,398
0,398
0,401
0,398
0,398
0,398
0,397
0,398
0,397
0,397
0,397
0,412
0,398
0,398
0,416
0,398
0,398
0,397
0,397
0,398
0,397
0,398
0,397
0,421
0,398
0,398
0,421
0,398
0,398
0,398
0,397
0,398
0,398
0,397
0,397
0,424
0,398
0,398
0,404
0,398
0,398
0,397
0,397
0,397
0,397
0,397
0,398
0,400
0,398
0,398
0,399
0,398
0,398
0,397
0,397
0,397
0,397
0,397
0,397
0,399
0,398
0,397
0,399
0,398
0,397
0,397
0,397
0,397
0,397
0,397
0,394
0,398
0,398
0,393
0,398
0,398
0,397
0,397
0,398
0,397
0,397
0,397
0,405
0,398
0,398
0,414
0,398
0,398
0,398
0,397
0,397
0,398
0,397
0,398
0,417
0,398
0,398
0,421
0,398
0,398
0,398
0,397
0,397
0,398
0,397
0,397
0,422
0,398
0,398
0,411
0,398
0,398
0,397
0,398
0,397
0,397
0,397
0,397
0,399
0,398
0,398
0,399
0,398
0,398
0,397
0,397
0,397
0,397
0,397
0,398
0,399
0,398
0,397
0,399
0,398
0,397
0,398
0,398
0,397
0,397
0,398
0,397
0,399
0,398
0,394
0,399
0,398
0,393
0,397
0,397
0,398
0,397
0,397
0,397
0,398
0,398
0,393
0,398
0,398
0,406
0,398
0,397
0,397
0,398
0,397
0,397
0,398
0,398
0,416
0,398
0,398
0,421
0,398
0,397
0,397
0,397
0,397
0,397
0,398
0,397
0,419
0,398
0,398
0,406
0,397
0,397
0,397
0,397
0,397
0,397
0,398
0,398
0,399
0,398
0,397
0,399
0,398
0,398
0,397
0,397
0,397
0,397
0,397
0,398
0,398
0,398
0,398
0,399
0,397
0,398
0,397
0,398
0,397
0,398
0,398
0,394
0,398
0,398
0,393
0,398
0,397
0,397
0,397
0,397
0,397
0,397
0,398
0,397
0,398
0,398
0,413
0,398
0,397
0,398
0,397
0,398
0,397
0,398
0,397
0,417
0,398
0,398
0,421
0,398
0,397
0,398
0,397
0,397
0,397
0,397
0,397
0,423
0,398
0,398
0,404
0,398
0,398
0,397
0,397
0,397
0,398
0,397
0,398
0,399
0,398
0,398
0,399
0,398
0,398
0,398
0,398
0,397
0,397
0,397
0,398
0,399
0,398
0,398
0,399
0,398
0,397
0,397
0,397
0,397
0,397
0,397
0,393
0,398
0,398
0,393
0,398
0,398
0,398
0,397
0,397
0,398
0,397
0,397
0,412
0,398
0,398
0,417
0,398
0,398
0,397
0,398
0,397
0,398
0,397
0,397
0,422
0,398
0,398
0,415
0,398
0,398
0,397
0,397
0,397
0,397
0,397
0,397
0,404
0,398
0,398
0,400
0,398
0,398
0,397
0,398
0,397
0,398
0,397
0,397
0,399
0,398
0,398
0,399
0,398
0,398
0,397
0,397
0,397
0,397
0,397
0,396
0,398
0,398
0,394
0,398
0,398
0,398
0,398
0,397
0,397
0,397
0,397
0,393
0,398
0,398
0,406
0,398
0,398
0,398
0,397
0,398
0,397
0,397
0,397
0,417
0,398
0,398
0,421
0,398
0,397
0,398
0,397
0,397
0,397
0,397
0,397
0,422
0,398
0,398
0,406
0,398
0,398
0,398
0,397
0,397
0,397
0,397
0,398
0,399
0,398
0,398
0,399
0,398
0,398
0,398
0,398
0,398
0,397
0,397
0,397
0,399
0,398
0,398
0,399
0,398
0,394
0,398
0,398
0,397
0,398
0,397
0,398
0,398
0,398
0,393
0,398
0,398
0,393
0,397
0,397
0,397
0,397
0,398
0,397
0,398
0,398
0,413
0,398
0,398
0,419
0,397
0,397
0,397
0,397
0,397
0,397
0,398
0,398
0,422
0,398
0,398
0,418
0,397
0,398
0,397
0,397
0,398
0,397
0,398
0,398
0,403
0,398
0,398
0,400
0,398
0,397
0,398
0,397
0,397
0,397
0,398
0,398
0,399
0,398
0,398
0,399
0,397
0,397
0,398
0,398
0,397
0,397
0,398
0,398
0,399
0,398
0,396
0,399
0,397
0,397
0,397
0,398
0,397
0,397
0,398
0,393
0,398
0,398
0,397
0,398
0,397
0,397
0,397
0,397
0,397
0,397
0,398
0,415
0,398
0,398
0,419
0,398
0,398
0,397
0,397
0,397
0,397
0,398
0,398
0,421
0,398
0,398
0,422
0,398
0,398
0,397
0,397
0,398
0,397
0,397
0,397
0,406
0,398
0,398
0,400
0,398
0,397
0,397
0,398
0,397
0,397
0,397
0,397
0,399
0,398
0,398
0,399
0,398
0,397
0,398
0,398
0,397
0,397
0,397
0,394
0,398
0,398
0,393
0,398
0,398
0,397
0,397
0,397
0,397
0,397
0,397
0,393
0,398
0,398
0,409
0,398
0,398
0,398
0,397
0,398
0,398
0,397
0,397
0,417
0,398
0,398
0,421
0,398
0,398
0,397
0,397
0,397
0,397
0,397
0,397
0,409
0,398
0,397
0,404
0,398
0,398
0,398
0,397
0,398
0,397
0,397
0,398
0,399
0,398
0,398
0,399
0,398
0,398
0,398
0,397
0,397
0,397
0,397
0,397
0,399
0,398
0,396
0,398
0,398
0,398
0,398
0,397
0,398
0,397
0,397
0,393
0,398
0,398
0,393
0,398
0,398
0,398
0,397
0,398
0,397
0,397
0,397
0,413
0,398
0,397
0,416
0,398
0,398
0,397
0,397
0,397
0,397
0,398
0,397
0,421
0,398
0,398
0,422
0,398
0,398
0,398
0,397
0,397
0,397
0,397
0,397
0,403
0,398
0,398
0,401
0,398
0,398
0,397
0,397
0,397
0,397
0,397
0,398
0,399
0,398
0,398
0,399
0,398
0,398
0,397
0,398
0,398
0,397
0,397
0,397
0,398
0,398
0,398
0,399
0,398
0,394
0,397
0,397
0,397
0,397
0,397
0,397
0,398
0,398
0,395
0,398
0,398
0,409
0,397
0,398
0,397
0,398
0,397
0,398
0,398
0,398
0,417
0,398
0,397
0,419
0,398
0,397
0,397
0,397
0,397
0,397
0,398
0,398
0,422
0,398
0,398
0,418
0,397
0,397
0,397
0,397
0,397
0,397
0,398
0,398
0,400
0,398
0,398
0,399
0,397
0,397
0,397
0,397
0,397
0,397
0,398
0,398
0,399
0,398
0,398
0,399
0,398
0,397
0,397
0,397
0,398
0,397
0,398
0,397
0,399
0,398
0,396
0,399
0,397
0,397
0,397
0,397
0,397
0,397
0,398
0,393
0,398
0,398
0,393
0,398
0,397
0,397
0,398
0,397
0,397
0,397
0,398
0,416
0,398
0,398
0,419
0,398
0,398
0,397
0,397
0,397
0,398
0,398
0,397
0,422
0,398
0,398
0,422
0,398
0,397
0,398
0,398
0,397
0,398
0,397
0,398
0,401
0,398
0,397
0,399
10,400
10,400
10,400
10,400
10,400
10,425
10,401
10,400
10,407
10,400
10,400
10,400
10,400
10,400
10,400
10,401
10,400
10,402
10,400
10,400
10,402
10,400
10,400
10,400
10,400
10,400
10,400
10,401
10,400
10,401
10,401
10,400
10,401
10,400
10,400
10,400
10,400
10,400
10,400
10,400
10,400
10,401
10,400
10,400
10,401
10,400
10,400
10,400
10,400
10,400
10,400
10,400
10,396
10,401
10,400
10,396
10,401
10,400
10,400
10,400
10,400
10,400
10,400
10,400
10,396
10,401
10,400
10,415
10,401
10,400
10,400
10,400
10,400
10,400
10,400
10,400
10,423
10,401
10,400
10,424
10,401
10,400
10,400
10,400
10,400
10,400
10,400
10,400
10,425
10,401
10,400
10,425
10,401
10,400
10,400
10,400
10,400
10,400
10,400
10,400
10,404
10,401
10,400
10,402
10,401
10,400
10,400
10,400
10,400
10,400
10,400
10,401
10,402
10,400
10,400
10,402
10,401
10,400
10,400
10,400
10,400
10,400
10,400
10,400
10,401
10,401
10,400
10,401
10,401
10,400
10,400
10,400
10,400
10,400
10,400
10,396
10,401
10,400
10,396
10,401
10,401
10,400
10,400
10,400
10,400
10,400
10,400
10,404
10,401
10,400
10,416
10,401
10,400
10,400
10,400
10,400
10,400
10,400
10,400
10,423
10,401
10,400
10,423
10,401
10,400
10,400
10,400
10,400
10,400
10,400
10,400
10,425
10,401
10,400
10,418
10,401
10,400
10,400
10,400
10,400
10,400
10,400
10,400
10,403
10,401
10,401
10,402
10,401
10,400
10,400
10,400
10,400
10,400
10,400
10,400
10,401
10,400
10,400
10,401
10,401
10,400
10,400
10,400
10,400
10,400
10,400
10,400
10,401
10,400
10,400
10,401
10,400
10,400
10,400
10,400
10,400
10,400
10,400
10,396
10,401
10,400
10,396
10,401
10,400
10,400
10,400
10,400
10,400
10,400
10,400
10,401
10,401
10,400
10,411
10,401
10,400
10,400
10,400
10,400
10,400
10,400
10,400
10,419
10,401
10,400
10,423
10,401
10,400
10,400
10,400
10,400
10,400
10,400
10,400
10,424
10,401
10,400
10,421
10,401
10,400
10,400
10,400
10,400
10,400
10,400
10,400
10,403
10,401
10,400
10,402
10,401
10,400
10,400
10,400
10,400
10,400
10,400
10,400
10,401
10,400
10,400
10,401
10,401
10,400
10,400
10,400
10,400
10,400
10,400
10,400
10,401
10,401
10,400
10,401
10,400
10,400
10,400
10,400
10,400
10,400
10,400
10,400
10,401
10,400
10,396
10,401
10,400
10,409
10,400
10,400
10,400
10,400
10,400
10,400
10,401
10,400
10,417
10,401
10,400
10,419
10,400
10,400
10,400
10,400
10,400
10,400
10,401
10,400
10,423
10,401
10,400
10,425
10,400
10,400
10,400
10,400
10,400
10,400
10,400
10,400
10,408
10,400
10,400
10,405
10,400
10,400
10,400
10,400
10,400
10,400
10,401
10,400
10,403
10,400
10,400
10,402
10,400
10,400
10,400
10,400
10,400
10,400
10,400
10,400
10,401
10,400
10,400
10,401
10,400
10,400
10,400
10,400
10,400
10,400
10,400
10,400
10,401
10,401
10,400
10,401
10,400
10,400
10,400
10,400
10,400
10,400
10,401
10,396
10,401
10,400
10,396
10,401
10,400
10,400
10,400
10,400
10,400
10,400
10,400
10,413
10,401
10,400
10,419
10,401
10,400
10,400
10,400
10,400
10,400
10,400
10,400
10,423
10,401
10,401
10,425
10,401
10,400
10,400
10,400
10,400
10,400
10,400
10,400
10,409
10,401
10,400
10,406
10,401
10,400
10,400
10,400
10,400
10,400
10,400
10,400
10,403
10,400
10,400
10,402
10,401
10,400
10,400
10,400
10,400
10,400
10,400
10,400
10,401
10,400
10,400
10,401
10,400
10,400
10,400
10,400
10,400
10,400
10,400
10,400
10,401
10,400
10,400
10,401
10,400
10,400
10,400
10,400
10,400
10,400
10,400
10,400
10,401
10,400
10,396
10,401
10,401
10,400
10,400
10,400
10,400
10,400
10,400
10,396
10,401
10,400
10,417
10,401
10,400
10,400
10,400
10,400
10,400
10,400
10,400
10,419
10,401
10,400
10,423
10,401
10,400
10,400
10,400
10,400
10,400
10,400
10,400
10,423
10,401
10,400
10,425
10,401
10,400
10,400
10,400
10,400
10,400
10,400
10,400
10,419
10,400
10,400
10,406
10,401
10,400
10,400
10,400
10,400
10,400
10,400
10,400
10,403
10,401
10,400
10,402
10,401
10,400
10,400
10,400
10,400
10,400
10,400
10,400
10,401
10,401
10,400
10,401
10,400
10,400
10,400
10,400
10,400
10,400
10,400
10,400
10,401
10,401
10,400
10,401
10,401
10,400
10,400
10,400
10,400
10,400
10,400
10,396
10,401
10,400
10,396
10,401
10,400
10,400
10,400
10,400
10,400
10,400
10,400
10,417
10,401
10,400
10,421
10,401
10,400
10,400
10,400
10,400
10,400
10,400
10,400
10,423
10,401
10,400
10,424
10,401
10,400
10,400
10,400
10,400
10,400
10,400
10,400
10,417
10,401
10,400
10,404
10,401
10,400
10,400
10,400
10,400
10,400
10,400
10,400
10,403
10,401
10,400
10,402
10,401
10,400
10,400
10,400
10,400
10,400
10,400
10,400
10,401
10,400
10,400
10,401
10,400
10,400
10,400
10,400
10,400
10,400
10,400
10,400
10,401
10,400
10,400
10,401
10,401
10,396
10,400
10,400
10,400
10,400
10,400
10,400
10,401
10,401
10,396
10,401
10,401
10,403
10,400
10,400
10,400
10,400
10,400
10,400
10,401
10,400
10,418
10,401
10,400
10,421
10,400
10,400
10,400
10,400
10,400
10,400
10,400
10,400
10,423
10,401
10,400
10,425
10,400
10,400
10,400
10,400
10,400
10,400
10,401
10,400
10,412
10,401
10,400
10,403
10,400
10,400
10,400
10,400
10,400
10,400
10,400
10,400
10,402
10,401
10,400
10,402
10,400
10,400
10,400
10,400
10,400
10,400
10,400
10,401
10,401
10,401
10,400
10,401
10,400
10,400
10,400
10,400
10,400
10,400
10,400
10,400
10,401
10,401
10,396
10,401
10,400
10,400
10,400
10,400
10,400
10,400
10,400
10,396
10,401
10,400
10,396
10,401
10,400
10,400
10,400
10,400
10,400
10,400
10,400
10,416
10,401
10,400
10,419
10,401
10,400
10,400
10,400
10,400
10,400
10,400
10,400
10,423
10,401
10,400
10,424
10,401
10,400
10,400
10,400
10,400
10,400
10,400
10,400
10,425
10,401
10,400
10,411
10,400
10,400
10,400
10,400
10,400
10,400
10,400
10,400
10,402
10,400
10,400
10,402
10,400
10,400
10,400
10,400
10,400
10,400
10,400
10,400
10,401
10,400
10,400
10,401
10,400
10,400
10,400
10,400
10,400
10,400
10,400
10,400
10,401
10,400
10,400
10,401
10,400
10,400
10,400
10,400
10,400
10,400
10,400
10,396
10,401
10,400
10,396
10,401
10,400
10,400
10,400
10,400
10,400
10,400
10,400
10,406
10,401
10,401
10,416
10,401
10,400
10,400
10,400
10,400
10,400
10,400
10,400
10,423
10,401
10,400
10,423
10,401
10,400
10,400
10,400
10,400
10,400
10,400
10,400
10,425
10,401
10,400
10,419
10,401
10,400
10,400
10,400
10,400
10,400
10,400
10,400
10,403
10,400
10,400
10,402
10,401
10,400
10,400
10,400
10,400
10,400
10,400
10,400
10,401
10,401
10,400
10,401
10,401
10,400
10,400
10,400
10,400
10,400
10,400
10,400
10,401
10,401
10,400
10,401
10,400
10,400
10,400
10,400
10,400
10,400
10,400
10,396
10,401
10,400
10,396
10,401
10,400
10,400
10,400
10,400
10,400
10,400
10,400
10,396
10,401
10,400
10,413
10,401
10,400
10,400
10,400
10,400
10,400
10,400
10,400
10,421
10,401
10,400
10,423
10,401
10,400
10,400
10,400
10,400
10,400
10,400
10,400
10,425
10,401
10,400
10,425
10,401
10,400
10,400
10,400
10,400
10,400
10,400
10,400
10,403
10,400
10,400
10,402
10,400
10,400
10,400
10,400
10,400
10,400
10,400
10,400
10,401
10,400
10,400
10,401
10,401
10,400
10,400
10,400
10,400
10,400
10,400
10,400
10,401
10,401
10,400
10,401
10,400
10,400
10,400
10,400
10,400
10,400
10,400
10,400
10,401
10,400
10,396
10,401
10,400
10,396
10,400
10,400
10,400
10,400
10,400
10,400
10,401
10,400
10,413
10,401
20,403
20,403
20,413
20,403
20,403
20,407
20,404
20,403
20,403
20,403
20,403
20,403
20,403
20,403
20,405
20,403
20,403
20,405
20,404
20,403
20,403
20,403
20,403
20,403
20,403
20,403
20,404
20,403
20,403
20,404
20,403
20,403
20,403
20,403
20,403
20,403
20,403
20,402
20,404
20,403
20,400
20,404
20,403
20,403
20,403
20,403
20,403
20,403
20,403
20,400
20,404
20,403
20,400
20,404
20,403
20,403
20,403
20,403
20,403
20,403
20,403
20,417
20,404
20,403
20,420
20,404
20,403
20,403
20,403
20,403
20,403
20,403
20,403
20,423
20,404
20,403
20,427
20,404
20,403
20,403
20,403
20,403
20,403
20,403
20,403
20,416
20,404
20,403
20,406
20,403
20,403
20,403
20,403
20,403
20,403
20,403
20,403
20,405
20,403
20,403
20,405
20,403
20,403
20,403
20,403
20,403
20,403
20,403
20,403
20,404
20,403
20,403
20,404
20,403
20,403
20,403
20,403
20,403
20,403
20,403
20,403
20,404
20,403
20,400
20,404
20,403
20,400
20,403
20,403
20,403
20,403
20,403
20,403
20,404
20,403
20,400
20,404
20,403
20,399
20,403
20,403
20,403
20,403
20,403
20,403
20,404
20,403
20,420
20,404
20,403
20,423
20,403
20,403
20,403
20,403
20,403
20,403
20,403
20,403
20,427
20,404
20,403
20,427
20,403
20,403
20,403
20,403
20,403
20,403
20,403
20,403
20,416
20,403
20,403
20,407
20,403
20,403
20,403
20,403
20,403
20,403
20,403
20,403
20,405
20,403
20,403
20,405
20,403
20,403
20,403
20,403
20,403
20,403
20,403
20,403
20,404
20,403
20,403
20,405
20,403
20,403
20,403
20,403
20,403
20,403
20,403
20,400
20,404
20,403
20,400
20,404
20,403
20,403
20,403
20,403
20,403
20,403
20,403
20,400
20,404
20,403
20,399
20,404
20,403
20,403
20,403
20,403
20,403
20,403
20,403
20,404
20,404
20,403
20,418
20,404
20,403
20,403
20,403
20,403
20,403
20,403
20,403
20,423
20,404
20,403
20,427
20,404
20,403
20,403
20,403
20,403
20,403
20,403
20,403
20,427
20,404
20,403
20,428
20,404
20,403
20,403
20,403
20,403
20,403
20,403
20,403
20,406
20,403
20,403
20,406
20,403
20,403
20,403
20,403
20,403
20,403
20,403
20,403
20,405
20,404
20,403
20,404
20,403
20,403
20,403
20,403
20,403
20,403
20,403
20,403
20,404
20,403
20,403
20,404
20,403
20,403
20,403
20,403
20,403
20,403
20,403
20,400
20,404
20,403
20,400
20,404
20,403
20,403
20,403
20,403
20,403
20,403
20,403
20,400
20,404
20,404
20,399
20,404
20,403
20,403
20,403
20,403
20,403
20,403
20,403
20,422
20,404
20,403
20,423
20,404
20,403
20,403
20,403
20,403
20,403
20,403
20,403
20,427
20,404
20,403
20,428
20,403
20,403
20,403
20,403
20,403
20,403
20,403
20,403
20,406
20,404
20,403
20,405
20,403
20,403
20,403
20,403
20,403
20,403
20,403
20,403
20,405
20,403
20,403
20,404
20,403
20,403
20,403
20,403
20,403
20,403
20,403
20,403
20,404
20,403
20,402
20,404
20,403
20,403
20,403
20,403
20,403
20,403
20,403
20,400
20,404
20,403
20,400
20,404
20,403
20,403
20,403
20,403
20,403
20,403
20,403
20,399
20,404
20,403
20,399
20,404
20,403
20,403
20,403
20,403
20,403
20,403
20,403
20,420
20,403
20,403
20,423
20,404
20,403
20,403
20,403
20,403
20,403
20,403
20,403
20,427
20,404
20,403
20,428
20,403
20,403
20,403
20,403
20,403
20,403
20,403
20,403
20,428
20,403
20,403
20,412
20,403
20,403
20,403
20,403
20,403
20,403
20,403
20,403
20,405
20,403
20,403
20,405
20,403
20,403
20,403
20,403
20,403
20,403
20,403
20,403
20,404
20,403
20,403
20,404
20,403
20,403
20,403
20,403
20,403
20,403
20,403
20,403
20,404
20,403
20,400
20,404
20,403
20,400
20,403
20,403
20,403
20,403
20,403
20,403
20,404
20,403
20,400
20,404
20,403
20,399
20,403
20,403
20,403
20,403
20,403
20,403
20,404
20,403
20,416
20,404
20,403
20,421
20,403
20,403
20,403
20,403
20,403
20,403
20,404
20,403
20,427
20,404
20,403
20,427
20,403
20,403
20,403
20,403
20,403
20,403
20,403
20,403
20,428
20,404
20,403
20,417
20,403
20,403
20,403
20,403
20,403
20,403
20,403
20,403
20,406
20,403
20,403
20,405
20,403
20,403
20,403
20,403
20,403
20,403
20,403
20,403
20,405
20,403
20,403
20,404
20,403
20,403
20,403
20,403
20,403
20,403
20,403
20,403
20,404
20,403
20,402
20,404
20,403
20,403
20,403
20,403
20,403
20,403
20,403
20,400
20,404
20,403
20,399
20,404
20,403
20,403
20,403
20,403
20,403
20,403
20,403
20,399
20,404
20,403
20,404
20,404
20,403
20,403
20,403
20,403
20,403
20,403
20,403
20,422
20,404
20,403
20,423
20,404
20,403
20,403
20,403
20,403
20,403
20,403
20,403
20,427
20,403
20,403
20,427
20,403
20,403
20,403
20,403
20,403
20,403
20,403
20,403
20,428
20,404
20,403
20,408
20,404
20,403
20,403
20,403
20,403
20,403
20,403
20,403
20,405
20,404
20,403
20,405
20,403
20,403
20,403
20,403
20,403
20,403
20,403
20,403
20,404
20,404
20,403
20,404
20,404
20,403
20,403
20,403
20,403
20,403
20,403
20,402
20,404
20,403
20,400
20,404
20,403
20,403
20,403
20,403
20,403
20,403
20,403
20,399
20,404
20,403
20,399
20,404
20,403
20,403
20,403
20,403
20,403
20,403
20,403
20,416
20,404
20,403
20,419
20,404
20,403
20,403
20,403
20,403
20,403
20,403
20,403
20,426
20,403
20,403
20,427
20,404
20,403
20,403
20,403
20,403
20,403
20,403
20,403
20,427
20,404
20,403
20,428
20,404
20,403
20,403
20,403
20,403
20,403
20,403
20,403
20,406
20,403
20,403
20,405
20,403
20,403
20,403
20,403
20,403
20,403
20,403
20,403
20,404
20,403
20,403
20,404
20,404
20,403
20,403
20,403
20,403
20,403
20,403
20,403
20,404
20,403
20,402
20,404
20,403
20,403
20,403
20,403
20,403
20,403
20,403
20,400
20,404
20,403
20,400
20,404
20,403
20,403
20,403
20,403
20,403
20,403
20,403
20,398
20,404
20,403
20,410
20,403
20,403
20,403
20,403
20,403
20,403
20,403
20,403
20,422
20,404
20,403
20,427
20,404
20,403
20,403
20,403
20,403
20,403
20,403
20,403
20,427
20,403
20,403
20,427
20,404
20,403
20,403
20,403
20,403
20,403
20,403
20,403
20,428
20,403
20,403
20,409
20,403
20,403
20,403
20,403
20,403
20,403
20,403
20,403
20,405
20,403
20,403
20,405
20,403
20,403
20,403
20,403
20,403
20,403
20,403
20,403
20,404
20,403
20,403
20,404
20,403
20,403
20,403
20,403
20,403
20,403
20,403
20,403
20,404
20,403
20,400
20,404
20,403
20,400
20,403
20,403
20,403
20,403
20,403
20,403
20,404
20,403
20,399
20,404
20,403
20,406
20,403
20,403
20,403
20,403
20,403
20,403
20,404
20,403
20,420
20,404
20,403
20,423
20,403
20,403
20,403
20,403
20,403
20,403
20,404
20,403
20,427
20,404
20,403
20,428
20,403
20,403
20,403
20,403
20,403
20,403
20,404
20,403
20,410
20,403
20,403
20,406
20,403
20,403
20,403
20,403
20,403
20,403
20,403
20,403
20,404
20,403
20,403
20,404
20,403
20,403
20,403
20,403
20,403
20,403
20,403
20,403
20,404
20,404
20,403
20,404
20,403
20,403
20,403
20,403
20,403
20,403
20,403
20,400
20,404
20,403
20,400
20,404
20,403
20,403
20,403
20,403
20,403
20,403
20,403
20,399
20,404
20,403
20,407
20,404
20,403
20,403
20,403
20,403
20,403
20,403
20,403
20,417
20,404
20,403
20,423
20,404
20,403
20,403
20,403
20,403
20,403
20,403
20,403
20,427
20,404
20,403
20,428
20,403
20,403
20,403
20,403
20,403
20,403
20,403
20,403
20,415
20,404
20,403
20,411
20,404
20,403
20,403
20,403
20,403
20,403
20,403
20,403
20,405
20,403
20,403
20,404
20,404
20,403
20,403
20,403
20,403
20,403
20,403
20,403
20,404
20,403
20,403
20,404
20,403
20,403
20,403
20,403
20,403
20,403
20,403
20,402
20,404
20,403
20,400
20,404
30,410
30,410
30,410
30,410
30,409
30,409
30,411
30,410
30,410
30,411
30,410
30,410
30,410
30,409
30,410
30,409
30,410
30,408
30,410
30,410
30,406
30,410
30,410
30,410
30,410
30,410
30,410
30,410
30,410
30,425
30,410
30,410
30,431
30,410
30,410
30,410
30,410
30,410
30,410
30,410
30,410
30,434
30,410
30,410
30,431
30,410
30,410
30,410
30,410
30,410
30,410
30,409
30,410
30,411
30,410
30,410
30,411
30,410
30,410
30,410
30,409
30,409
30,410
30,410
30,409
30,410
30,410
30,406
30,410
30,410
30,406
30,410
30,410
30,410
30,410
30,409
30,410
30,410
30,410
30,431
30,410
30,410
30,431
30,410
30,410
30,410
30,410
30,409
30,410
30,410
30,410
30,434
30,410
30,410
30,416
30,410
30,410
30,409
30,410
30,410
30,410
30,410
30,410
30,412
30,410
30,410
30,411
30,410
30,410
30,410
30,410
30,410
30,410
30,410
30,410
30,411
30,410
30,408
30,411
30,410
30,410
30,410
30,410
30,410
30,410
30,410
30,405
30,410
30,410
30,424
30,410
30,410
30,410
30,409
30,410
30,410
30,410
30,410
30,431
30,410
30,410
30,434
30,410
30,410
30,410
30,410
30,410
30,410
30,410
30,410
30,414
30,410
30,410
30,412
30,410
30,410
30,410
30,410
30,410
30,410
30,410
30,410
30,411
30,410
30,408
30,411
30,410
30,409
30,410
30,410
30,410
30,410
30,409
30,406
30,410
30,410
30,406
30,410
30,410
30,410
30,410
30,410
30,410
30,410
30,410
30,429
30,410
30,410
30,431
30,410
30,410
30,410
30,410
30,410
30,410
30,410
30,410
30,419
30,410
30,410
30,413
30,410
30,410
30,410
30,410
30,410
30,409
30,409
30,410
30,411
30,410
30,410
30,411
30,410
30,410
30,410
30,410
30,410
30,409
30,410
30,408
30,411
30,410
30,406
30,411
30,410
30,410
30,410
30,410
30,410
30,410
30,409
30,421
30,411
30,410
30,429
30,410
30,410
30,410
30,410
30,410
30,409
30,410
30,410
30,434
30,410
30,410
30,435
30,410
30,410
30,410
30,410
30,410
30,410
30,409
30,410
30,411
30,410
30,410
30,411
30,410
30,410
30,410
30,410
30,410
30,410
30,410
30,410
30,410
30,410
30,406
30,410
30,410
30,406
30,410
30,410
30,410
30,410
30,410
30,410
30,411
30,410
30,429
30,410
30,410
30,431
30,410
30,409
30,410
30,409
30,410
30,410
30,410
30,410
30,416
30,410
30,410
30,412
30,410
30,410
30,410
30,409
30,410
30,410
30,410
30,410
30,411
30,410
30,408
30,411
30,410
30,410
30,410
30,410
30,409
30,410
30,410
30,405
30,411
30,410
30,423
30,410
30,410
30,410
30,409
30,410
30,410
30,409
30,410
30,431
30,410
30,410
30,434
30,410
30,410
30,410
30,410
30,410
30,409
30,410
30,410
30,413
30,410
30,410
30,412
30,410
30,410
30,410
30,410
30,410
30,409
30,410
30,410
30,411
30,410
30,410
30,411
30,410
30,410
30,410
30,410
30,410
30,410
30,410
30,406
30,410
30,410
30,406
30,411
30,410
30,410
30,410
30,410
30,410
30,410
30,409
30,429
30,410
30,410
30,431
30,410
30,410
30,410
30,410
30,410
30,410
30,409
30,410
30,422
30,410
30,410
30,416
30,410
30,410
30,410
30,410
30,410
30,410
30,409
30,410
30,411
30,410
30,410
30,411
30,410
30,410
30,410
30,410
30,410
30,410
30,410
30,406
30,410
30,410
30,406
30,411
30,410
30,410
30,410
30,409
30,410
30,410
30,410
30,423
30,410
30,410
30,431
30,410
30,410
30,410
30,410
30,410
30,410
30,410
30,410
30,434
30,410
30,410
30,435
30,410
30,410
30,410
30,410
30,410
30,410
30,410
30,410
30,411
30,410
30,410
30,411
30,410
30,410
30,410
30,410
30,410
30,410
30,410
30,410
30,410
30,410
30,408
30,411
30,410
30,406
30,410
30,410
30,410
30,410
30,410
30,410
30,410
30,410
30,406
30,410
30,410
30,428
30,410
30,410
30,410
30,409
30,410
30,410
30,410
30,410
30,434
30,410
30,410
30,418
30,410
30,410
30,410
30,410
30,409
30,409
30,410
30,410
30,412
30,410
30,410
30,411
30,410
30,409
30,410
30,409
30,410
30,410
30,410
30,410
30,411
30,410
30,408
30,411
30,410
30,410
30,410
30,409
30,410
30,410
30,410
30,405
30,410
30,410
30,424
30,410
30,410
30,410
30,410
30,410
30,410
30,410
30,410
30,431
30,410
30,410
30,434
30,410
30,410
30,410
30,410
30,410
30,410
30,410
30,410
30,413
30,410
30,410
30,412
30,410
30,410
30,410
30,410
30,410
30,409
30,409
30,410
30,411
30,410
30,410
30,411
30,410
30,410
30,410
30,410
30,410
30,410
30,410
30,408
30,411
30,410
30,406
30,410
30,410
30,409
30,410
30,410
30,410
30,409
30,410
30,406
30,410
30,410
30,406
30,410
30,410
30,410
30,409
30,409
30,410
30,410
30,410
30,429
30,410
30,410
30,431
30,410
30,410
30,410
30,410
30,410
30,409
30,410
30,409
30,434
30,410
30,410
30,430
30,410
30,410
30,410
30,410
30,410
30,409
30,409
30,410
30,412
30,410
30,410
30,411
30,410
30,410
30,410
30,410
30,410
30,410
30,410
30,408
30,410
30,410
30,408
30,411
30,410
30,410
30,409
30,410
30,410
30,410
30,410
30,406
30,410
30,410
30,410
30,411
30,410
30,410
30,410
30,410
30,409
30,410
30,410
30,431
30,410
30,410
30,434
30,410
30,410
30,410
30,410
30,410
30,409
30,410
30,410
30,416
30,410
30,410
30,412
30,410
30,410
30,410
30,409
30,410
30,410
30,410
30,410
30,411
30,410
30,410
30,411
30,410
30,410
30,410
30,410
30,409
30,409
30,410
30,409
30,411
30,410
30,406
30,411
30,410
30,406
30,410
30,410
30,410
30,410
30,410
30,410
30,410
30,410
30,429
30,410
30,410
30,431
30,410
30,410
30,410
30,410
30,410
30,410
30,410
30,410
30,416
30,410
30,410
30,412
30,410
30,410
30,409
30,409
30,409
30,410
30,410
30,410
30,411
30,410
30,410
30,411
30,410
30,410
30,410
30,410
30,410
30,410
30,410
30,406
30,411
30,410
30,406
30,411
30,410
30,410
30,410
30,410
30,410
30,410
30,410
30,431
30,410
30,410
30,434
30,410
30,410
30,410
30,410
30,409
30,410
30,410
30,410
30,422
30,410
30,410
30,417
30,410
30,410
30,410
30,410
30,410
30,410
30,409
30,410
30,411
30,410
30,410
30,411
30,410
30,409
30,410
30,410
30,410
30,410
30,409
30,406
30,411
30,410
30,406
30,411
30,410
30,410
30,409
30,409
30,410
30,410
30,409
30,422
30,410
30,410
30,429
30,411
30,410
30,410
30,410
30,410
30,409
30,410
30,409
30,431
30,410
30,410
30,434
30,410
30,410
30,410
30,410
30,410
30,410
30,410
30,409
30,413
30,410
30,410
30,412
30,410
30,410
30,410
30,410
30,410
30,410
30,410
30,410
30,411
30,410
30,410
30,411
30,410
30,410
30,410
30,410
30,410
30,410
30,410
30,405
30,410
30,410
30,425
30,410
30,410
30,410
30,410
30,410
30,410
30,410
30,409
30,431
30,410
30,410
30,434
30,410
30,410
30,410
30,409
30,410
30,410
30,410
30,410
30,413
30,410
30,410
30,412
30,410
30,410
30,410
30,410
30,409
30,410
30,409
30,410
30,411
30,410
30,410
30,411
30,410
30,406
30,410
30,410
30,410
30,410
30,410
30,409
30,410
30,410
30,425
30,410
30,410
30,431
30,410
30,410
30,410
30,410
30,410
30,410
30,410
30,410
30,434
30,410
30,410
30,421
30,410
30,410
30,410
30,409
30,410
30,410
30,410
30,410
30,411
30,410
30,410
30,411
30,410
30,410
30,410
30,410
30,410
30,410
30,410
30,406
30,411
30,410
30,411
30,410
30,410
30,409
30,410
30,410
30,410
30,410
30,410
30,431
30,410
30,410
30,434
30,410
30,410
30,410
30,410
30,410
30,410
30,410
30,410
30,411
30,410
30,410
30,412
30,410
30,410
30,410
30,410
30,410
30,410
30,410
30,410
30,411
30,410
30,410
30,411
30,410
30,410
30,410
30,409
30,410
30,410
30,410
30,406
30,411
30,410
30,411
30,410
30,410
30,410
30,410
30,410
30,410
30,409
30,409
30,431
30,410
30,410
30,431
30,410
30,410
30,410
30,410
30,410
30,410
30,410
30,409
30,421
30,410
30,410
40,413
40,425
40,413
40,413
40,415
40,413
40,413
40,413
40,413
40,413
40,412
40,413
40,413
40,414
40,413
40,413
40,414
40,413
40,413
40,413
40,412
40,412
40,413
40,413
40,409
40,414
40,413
40,409
40,413
40,413
40,413
40,413
40,412
40,413
40,412
40,413
40,431
40,413
40,413
40,435
40,413
40,413
40,413
40,413
40,412
40,413
40,413
40,412
40,433
40,413
40,413
40,414
40,413
40,410
40,410
40,410
40,410
40,410
40,410
40,409
40,410
40,410
40,408
40,411
40,410
40,410
40,410
40,410
40,410
40,410
40,410
40,405
40,410
40,410
40,426
40,410
40,410
40,413
40,412
40,413
40,413
40,412
40,413
40,437
40,413
40,413
40,437
40,413
40,413
40,410
40,410
40,410
40,410
40,409
40,410
40,411
40,410
40,410
40,411
40,410
40,410
40,413
40,412
40,413
40,413
40,413
40,412
40,414
40,413
40,412
40,414
40,413
40,409
40,413
40,413
40,412
40,412
40,412
40,413
40,413
40,413
40,431
40,413
40,413
40,435
40,413
40,412
40,412
40,413
40,412
40,412
40,413
40,413
40,437
40,413
40,413
40,424
40,413
40,413
40,412
40,413
40,413
40,413
40,413
40,413
40,414
40,413
40,413
40,414
40,413
40,412
40,412
40,412
40,413
40,412
40,413
40,413
40,414
40,413
40,410
40,413
40,413
40,412
40,412
40,412
40,412
40,413
40,413
40,409
40,413
40,413
40,408
40,413
40,413
40,413
40,412
40,412
40,412
40,412
40,413
40,431
40,413
40,413
40,435
40,413
40,413
40,412
40,413
40,413
40,412
40,412
40,413
40,438
40,413
40,413
40,417
40,413
40,413
40,413
40,413
40,413
40,413
40,412
40,413
40,414
40,413
40,413
40,414
40,413
40,413
40,413
40,413
40,413
40,412
40,412
40,409
40,414
40,413
40,409
40,413
40,413
40,413
40,413
40,412
40,412
40,413
40,413
40,430
40,413
40,413
40,433
40,413
40,410
40,410
40,410
40,410
40,410
40,410
40,410
40,434
40,410
40,410
40,434
40,410
40,413
40,413
40,413
40,412
40,413
40,412
40,412
40,414
40,413
40,413
40,414
40,413
40,413
40,413
40,413
40,413
40,412
40,412
40,410
40,414
40,413
40,409
40,413
40,413
40,410
40,410
40,410
40,410
40,410
40,410
40,427
40,410
40,410
40,431
40,410
40,410
40,410
40,410
40,410
40,410
40,410
40,410
40,437
40,410
40,410
40,417
40,410
40,410
40,413
40,413
40,412
40,413
40,413
40,412
40,414
40,413
40,413
40,414
40,413
40,413
40,410
40,410
40,410
40,410
40,410
40,410
40,410
40,410
40,406
40,410
40,410
40,406
40,413
40,413
40,413
40,412
40,413
40,412
40,413
40,413
40,431
40,413
40,413
40,433
40,413
40,412
40,413
40,413
40,413
40,412
40,413
40,413
40,437
40,413
40,413
40,435
40,413
40,413
40,412
40,412
40,412
40,412
40,413
40,413
40,415
40,413
40,413
40,414
40,413
40,413
40,413
40,412
40,413
40,413
40,413
40,409
40,414
40,413
40,409
40,414
40,410
40,409
40,410
40,410
40,410
40,410
40,410
40,429
40,410
40,410
40,431
40,413
40,413
40,413
40,412
40,412
40,413
40,413
40,413
40,417
40,413
40,413
40,416
40,413
40,412
40,412
40,412
40,412
40,413
40,413
40,413
40,414
40,413
40,413
40,414
40,413
40,413
40,412
40,413
40,412
40,412
40,412
40,409
40,413
40,413
40,409
40,413
40,410
40,410
40,410
40,409
40,410
40,410
40,410
40,429
40,410
40,410
40,431
40,410
40,413
40,413
40,413
40,412
40,412
40,413
40,412
40,415
40,413
40,413
40,414
40,413
40,413
40,413
40,412
40,413
40,412
40,412
40,412
40,414
40,413
40,412
40,414
40,413
40,410
40,410
40,410
40,409
40,410
40,409
40,406
40,410
40,410
40,406
40,410
40,410
40,413
40,413
40,413
40,413
40,412
40,413
40,425
40,413
40,413
40,433
40,413
40,413
40,413
40,413
40,412
40,412
40,412
40,412
40,437
40,413
40,413
40,438
40,413
40,413
40,413
40,413
40,413
40,413
40,412
40,413
40,416
40,413
40,413
40,414
40,413
40,413
40,413
40,413
40,413
40,413
40,413
40,412
40,414
40,413
40,409
40,413
40,413
40,409
40,413
40,413
40,412
40,413
40,412
40,413
40,413
40,413
40,428
40,413
40,413
40,433
40,413
40,412
40,412
40,412
40,412
40,413
40,413
40,413
40,439
40,413
40,413
40,417
40,410
40,410
40,410
40,410
40,410
40,410
40,410
40,410
40,411
40,410
40,410
40,411
40,412
40,413
40,412
40,413
40,413
40,413
40,413
40,409
40,413
40,413
40,409
40,414
40,413
40,413
40,413
40,412
40,413
40,413
40,413
40,432
40,413
40,413
40,436
40,410
40,410
40,410
40,410
40,409
40,410
40,409
40,410
40,423
40,410
40,410
40,413
40,410
40,410
40,410
40,410
40,410
40,409
40,410
40,410
40,411
40,410
40,410
40,411
40,413
40,413
40,413
40,412
40,412
40,413
40,413
40,409
40,413
40,413
40,409
40,414
40,413
40,413
40,412
40,413
40,413
40,412
40,412
40,433
40,413
40,413
40,435
40,413
40,413
40,413
40,413
40,413
40,413
40,412
40,412
40,438
40,413
40,413
40,422
40,413
40,410
40,410
40,410
40,410
40,409
40,410
40,409
40,412
40,410
40,410
40,411
40,410
40,413
40,413
40,413
40,412
40,413
40,413
40,412
40,413
40,413
40,412
40,413
40,413
40,413
40,413
40,412
40,413
40,412
40,412
40,408
40,414
40,413
40,431
40,413
40,413
40,413
40,413
40,412
40,413
40,412
40,412
40,437
40,413
40,413
40,438
40,413
40,413
40,413
40,413
40,412
40,413
40,412
40,413
40,415
40,413
40,413
40,414
40,413
40,413
40,413
40,413
40,413
40,412
40,412
40,412
40,413
40,413
40,409
40,414
40,413
40,409
40,413
40,413
40,412
40,412
40,413
40,412
40,413
40,413
40,429
40,413
40,413
40,432
40,413
40,413
40,413
40,413
40,412
40,413
40,413
40,413
40,437
40,413
40,413
40,438
40,412
40,413
40,413
40,412
40,413
40,413
40,413
40,413
40,414
40,413
40,413
40,414
40,413
40,413
40,413
40,413
40,412
40,412
40,413
40,412
40,414
40,413
40,409
40,414
40,413
40,412
40,413
40,412
40,413
40,412
40,413
40,414
40,413
40,413
40,431
40,411
40,410
40,410
40,410
40,410
40,410
40,410
40,410
40,431
40,410
40,410
40,433
40,410
40,410
40,410
40,410
40,410
40,410
40,410
40,410
40,434
40,410
40,410
40,415
40,413
40,413
40,412
40,413
40,412
40,412
40,412
40,413
40,415
40,413
40,413
40,414
40,413
40,413
40,412
40,413
40,412
40,412
40,413
40,409
40,414
40,413
40,409
40,413
40,413
40,412
40,412
40,413
40,412
40,412
40,412
40,431
40,413
40,413
40,433
40,413
40,413
40,413
40,413
40,412
40,413
40,412
40,413
40,437
40,413
40,413
40,438
40,413
40,413
40,413
40,412
40,413
40,413
40,412
40,412
40,418
40,413
40,413
40,415
40,413
40,413
40,412
40,413
40,413
40,413
40,413
40,412
40,414
40,413
40,413
40,414
40,413
40,410
40,410
40,410
40,410
40,410
40,410
40,408
40,411
40,410
40,408
40,410
40,410
40,410
40,410
40,410
40,410
40,410
40,410
40,425
40,411
40,410
40,429
40,410
40,410
40,413
40,412
40,413
40,412
40,412
40,412
40,436
40,413
40,413
40,437
40,413
40,413
40,413
40,413
40,412
40,413
40,412
40,412
40,417
40,413
40,413
40,415
40,413
40,413
40,413
40,412
40,413
40,412
40,412
40,412
40,414
40,413
40,413
40,414
40,413
40,412
40,410
40,410
40,410
40,410
40,409
40,410
40,410
40,410
40,406
40,411
40,410
40,406
40,413
40,413
40,412
40,412
40,413
40,412
40,413
40,413
40,435
40,413
40,413
40,436
40,413
40,413
40,413
40,412
40,413
40,413
40,413
40,413
40,430
40,413
40,413
40,417
40,410
40,410
40,410
40,410
40,410
40,409
40,410
40,410
40,411
40,410
40,410
40,411
40,410
40,410
40,410
40,410
40,410
40,410
40,410
40,406
40,410
40,410
40,406
40,410
40,410
40,410
40,410
40,410
40,410
40,410
40,410
40,427
40,410
40,410
40,429
40,410
40,410
40,410
40,410
40,410
40,410
40,410
40,410
40,434
40,410
40,410
40,427
40,410
40,410
40,410
40,410
50,416
50,420
50,416
50,416
50,418
50,416
50,416
50,416
50,415
50,415
50,416
50,416
50,415
50,416
50,416
50,416
50,416
50,416
50,412
50,416
50,415
50,415
50,415
50,416
50,415
50,416
50,416
50,433
50,416
50,416
50,439
50,416
50,415
50,415
50,415
50,415
50,415
50,416
50,416
50,434
50,416
50,415
50,420
50,415
50,415
50,416
50,415
50,415
50,415
50,416
50,416
50,417
50,416
50,416
50,416
50,416
50,415
50,415
50,415
50,416
50,415
50,416
50,412
50,416
50,416
50,412
50,416
50,415
50,416
50,415
50,415
50,415
50,416
50,416
50,439
50,416
50,416
50,439
50,416
50,415
50,415
50,415
50,415
50,415
50,415
50,416
50,422
50,416
50,416
50,417
50,416
50,415
50,415
50,415
50,415
50,416
50,415
50,416
50,417
50,416
50,416
50,416
50,416
50,415
50,415
50,416
50,415
50,415
50,415
50,412
50,416
50,416
50,412
50,416
50,416
50,416
50,415
50,415
50,416
50,415
50,415
50,439
50,416
50,416
50,440
50,416
50,416
50,415
50,416
50,416
50,415
50,415
50,415
50,418
50,416
50,415
50,417
50,416
50,415
50,416
50,416
50,415
50,415
50,415
50,415
50,417
50,416
50,416
50,416
50,416
50,415
50,416
50,415
50,415
50,415
50,415
50,412
50,416
50,416
50,430
50,416
50,416
50,415
50,415
50,415
50,415
50,415
50,416
50,439
50,416
50,416
50,440
50,416
50,416
50,416
50,415
50,416
50,416
50,415
50,415
50,422
50,416
50,416
50,418
50,416
50,415
50,416
50,415
50,415
50,416
50,415
50,415
50,416
50,416
50,416
50,416
50,416
50,416
50,416
50,416
50,415
50,415
50,416
50,415
50,416
50,415
50,425
50,416
50,416
50,435
50,416
50,415
50,416
50,415
50,415
50,415
50,416
50,416
50,440
50,416
50,416
50,422
50,415
50,415
50,415
50,416
50,416
50,415
50,416
50,416
50,417
50,416
50,416
50,416
50,415
50,415
50,416
50,415
50,415
50,416
50,416
50,416
50,416
50,416
50,412
50,416
50,416
50,416
50,416
50,415
50,415
50,415
50,416
50,434
50,416
50,416
50,439
50,416
50,416
50,415
50,415
50,416
50,415
50,415
50,416
50,429
50,416
50,416
50,421
50,416
50,415
50,415
50,416
50,415
50,416
50,415
50,416
50,417
50,416
50,416
50,417
50,416
50,415
50,415
50,415
50,415
50,416
50,415
50,412
50,416
50,416
50,423
50,416
50,416
50,415
50,415
50,415
50,416
50,415
50,415
50,437
50,416
50,416
50,439
50,416
50,416
50,415
50,415
50,415
50,415
50,415
50,415
50,440
50,416
50,416
50,420
50,416
50,416
50,416
50,415
50,416
50,415
50,415
50,415
50,417
50,416
50,416
50,416
50,416
50,416
50,416
50,415
50,415
50,415
50,415
50,412
50,417
50,416
50,412
50,416
50,416
50,416
50,416
50,415
50,415
50,415
50,416
50,433
50,416
50,416
50,435
50,416
50,416
50,416
50,415
50,415
50,415
50,415
50,416
50,434
50,416
50,416
50,422
50,416
50,416
50,416
50,415
50,415
50,416
50,415
50,416
50,417
50,416
50,416
50,417
50,416
50,416
50,416
50,416
50,415
50,415
50,415
50,415
50,416
50,416
50,412
50,416
50,416
50,420
50,416
50,415
50,415
50,415
50,415
50,415
50,416
50,416
50,438
50,416
50,416
50,439
50,416
50,415
50,415
50,415
50,415
50,415
50,416
50,416
50,430
50,416
50,416
50,419
50,416
50,416
50,415
50,416
50,415
50,415
50,416
50,415
50,417
50,416
50,416
50,417
50,415
50,415
50,416
50,415
50,415
50,415
50,416
50,412
50,416
50,416
50,412
50,416
50,416
50,415
50,415
50,415
50,415
50,415
50,416
50,437
50,416
50,416
50,439
50,416
50,415
50,415
50,415
50,416
50,416
50,415
50,415
50,435
50,416
50,416
50,418
50,416
50,416
50,415
50,415
50,415
50,415
50,415
50,416
50,417
50,416
50,416
50,417
50,416
50,415
50,415
50,416
50,415
50,416
50,415
50,412
50,416
50,416
50,412
50,416
50,416
50,415
50,415
50,415
50,415
50,416
50,415
50,435
50,416
50,416
50,439
50,416
50,416
50,416
50,415
50,415
50,415
50,415
50,416
50,423
50,416
50,416
50,418
50,416
50,416
50,416
50,415
50,415
50,415
50,416
50,415
50,417
50,416
50,416
50,417
50,416
50,415
50,415
50,415
50,415
50,415
50,416
50,412
50,416
50,416
50,412
50,416
50,416
50,416
50,416
50,415
50,415
50,415
50,415
50,432
50,416
50,416
50,437
50,416
50,416
50,416
50,416
50,415
50,416
50,415
50,415
50,440
50,416
50,416
50,421
50,416
50,416
50,416
50,415
50,416
50,415
50,415
50,416
50,417
50,416
50,416
50,417
50,416
50,416
50,415
50,416
50,415
50,415
50,415
50,415
50,416
50,416
50,412
50,417
50,416
50,412
50,416
50,416
50,415
50,415
50,415
50,415
50,416
50,416
50,437
50,416
50,416
50,440
50,416
50,416
50,415
50,415
50,415
50,415
50,416
50,416
50,419
50,416
50,416
50,417
50,416
50,416
50,415
50,415
50,415
50,415
50,416
50,416
50,416
50,416
50,416
50,416
50,415
50,415
50,415
50,415
50,415
50,415
50,416
50,412
50,416
50,416
50,431
50,416
50,415
50,415
50,415
50,415
50,415
50,415
50,416
50,439
50,416
50,416
50,440
50,416
50,415
50,415
50,416
50,415
50,416
50,415
50,416
50,419
50,416
50,416
50,417
50,416
50,416
50,415
50,415
50,416
50,416
50,415
50,415
50,417
50,416
50,416
50,416
50,416
50,416
50,415
50,415
50,415
50,415
50,416
50,430
50,416
50,416
50,434
50,416
50,416
50,416
50,416
50,415
50,415
50,415
50,415
50,439
50,416
50,416
50,439
50,416
50,416
50,416
50,415
50,415
50,415
50,415
50,415
50,420
50,416
50,415
50,417
50,416
50,416
50,415
50,415
50,415
50,415
50,416
50,415
50,416
50,416
50,416
50,416
50,416
50,416
50,416
50,415
50,415
50,415
50,415
50,411
50,416
50,416
50,433
50,416
50,416
50,416
50,416
50,416
50,415
50,415
50,415
50,439
50,416
50,416
50,440
50,416
50,416
50,416
50,416
50,416
50,415
50,415
50,416
50,419
50,416
50,416
50,417
50,416
50,416
50,416
50,415
50,415
50,415
50,415
50,415
50,416
50,416
50,412
50,416
50,416
50,412
50,416
50,416
50,415
50,415
50,415
50,415
50,416
50,416
50,423
50,416
50,416
50,434
50,416
50,415
50,415
50,416
50,415
50,415
50,416
50,416
50,440
50,416
50,416
50,440
50,416
50,415
50,415
50,415
50,415
50,415
50,416
50,416
50,420
50,416
50,416
50,418
50,415
50,416
50,415
50,415
50,416
50,415
50,416
50,416
50,417
50,416
50,416
50,417
50,415
50,415
50,416
50,415
50,415
50,415
50,416
50,412
50,416
50,416
50,412
50,416
50,416
50,416
50,415
50,416
50,415
50,415
50,416
50,439
50,416
50,416
50,440
50,416
50,416
50,416
50,415
50,416
50,415
50,415
50,416
50,418
50,416
50,416
50,417
50,416
50,416
50,416
50,416
50,415
50,415
50,416
50,416
50,416
50,416
50,412
50,416
50,416
50,415
50,416
50,415
50,416
50,415
50,415
50,435
50,416
50,416
50,437
50,416
50,416
50,416
50,415
50,415
50,415
50,416
50,415
50,441
50,416
50,416
50,428
50,416
50,416
50,416
50,415
50,416
50,415
50,415
50,415
50,417
50,416
50,415
50,417
50,416
50,416
50,416
50,416
50,415
50,416
50,415
50,412
50,416
50,416
50,420
50,416
50,416
50,416
50,415
50,415
50,415
50,415
50,415
50,438
50,416
50,416
50,439
50,416
50,416
50,416
50,415
50,415
50,415
50,415
50,415
50,431
50,416
50,416
50,424
50,416
50,416
50,416
50,416
50,415
50,416
50,415
50,415
50,417
50,416
50,416
50,417
50,416
50,414
50,415
50,415
50,415
50,415
50,415
50,415
50,416
50,416
50,416
50,416
50,416
50,412
50,415
50,416
50,415
50,415
50,415
50,416
50,416
50,416
50,434
50,416
50,416
50,439
50,416
50,415
50,415
50,415
50,415
50,416
50,416
50,416
50,440
50,416
50,416
50,422
50,415
50,416
50,415
50,416
50,415
50,415
50,416
50,416
50,417
50,416
50,416
50,417
50,415
50,415
50,416
50,415
50,415
50,415
50,416
50,416
50,416
50,416
50,412
50,416
50,415
50,415
60,422
60,446
60,422
60,422
60,447
60,422
60,422
60,422
60,422
60,422
60,422
60,421
60,422
60,424
60,422
60,422
60,423
60,422
60,422
60,422
60,422
60,422
60,422
60,422
60,420
60,423
60,422
60,418
60,423
60,422
60,422
60,422
60,422
60,422
60,422
60,422
60,434
60,422
60,422
60,443
60,422
60,422
60,422
60,422
60,422
60,421
60,421
60,422
60,446
60,422
60,422
60,432
60,422
60,422
60,422
60,422
60,422
60,422
60,422
60,421
60,423
60,422
60,422
60,423
60,422
60,422
60,422
60,421
60,422
60,422
60,422
60,422
60,422
60,422
60,418
60,422
60,422
60,422
60,422
60,422
60,422
60,422
60,421
60,422
60,422
60,422
60,442
60,422
60,422
60,445
60,422
60,421
60,422
60,422
60,422
60,421
60,422
60,422
60,446
60,422
60,422
60,435
60,422
60,422
60,422
60,422
60,422
60,421
60,422
60,422
60,423
60,422
60,422
60,423
60,422
60,422
60,422
60,422
60,422
60,421
60,422
60,422
60,423
60,422
60,420
60,423
60,422
60,422
60,422
60,422
60,421
60,422
60,422
60,435
60,422
60,422
60,443
60,422
60,422
60,421
60,421
60,422
60,422
60,422
60,422
60,446
60,422
60,422
60,443
60,422
60,422
60,422
60,422
60,422
60,422
60,422
60,422
60,425
60,422
60,422
60,423
60,422
60,422
60,422
60,422
60,422
60,422
60,422
60,422
60,423
60,422
60,419
60,422
60,422
60,422
60,422
60,422
60,422
60,422
60,422
60,418
60,422
60,422
60,433
60,422
60,422
60,422
60,422
60,422
60,422
60,422
60,422
60,446
60,422
60,422
60,446
60,422
60,422
60,422
60,422
60,422
60,422
60,421
60,421
60,425
60,422
60,422
60,424
60,422
60,422
60,422
60,422
60,422
60,422
60,422
60,422
60,423
60,422
60,420
60,423
60,422
60,422
60,422
60,422
60,422
60,422
60,422
60,418
60,423
60,422
60,418
60,422
60,422
60,422
60,422
60,422
60,422
60,422
60,421
60,443
60,422
60,422
60,446
60,422
60,422
60,422
60,422
60,422
60,422
60,422
60,422
60,446
60,422
60,422
60,430
60,422
60,422
60,422
60,422
60,422
60,422
60,422
60,422
60,423
60,422
60,422
60,423
60,422
60,422
60,422
60,422
60,422
60,422
60,422
60,422
60,423
60,422
60,418
60,422
60,422
60,435
60,422
60,422
60,422
60,422
60,422
60,421
60,422
60,422
60,445
60,422
60,422
60,446
60,422
60,422
60,422
60,422
60,422
60,422
60,422
60,422
60,427
60,422
60,422
60,424
60,422
60,422
60,422
60,422
60,422
60,421
60,422
60,422
60,423
60,422
60,420
60,423
60,422
60,422
60,422
60,422
60,422
60,422
60,422
60,418
60,423
60,422
60,440
60,422
60,422
60,422
60,422
60,422
60,422
60,422
60,422
60,446
60,422
60,422
60,446
60,422
60,422
60,422
60,422
60,421
60,422
60,421
60,422
60,424
60,422
60,422
60,423
60,422
60,422
60,422
60,422
60,422
60,422
60,422
60,422
60,423
60,422
60,420
60,423
60,422
60,422
60,422
60,421
60,422
60,421
60,422
60,438
60,422
60,422
60,442
60,422
60,422
60,422
60,422
60,422
60,422
60,422
60,422
60,447
60,422
60,422
60,439
60,422
60,422
60,422
60,422
60,422
60,421
60,422
60,421
60,424
60,422
60,422
60,423
60,422
60,422
60,422
60,422
60,422
60,422
60,422
60,420
60,423
60,422
60,419
60,423
60,422
60,422
60,422
60,422
60,422
60,422
60,422
60,439
60,422
60,422
60,443
60,422
60,422
60,422
60,422
60,422
60,422
60,422
60,422
60,446
60,422
60,422
60,427
60,422
60,422
60,422
60,422
60,422
60,422
60,421
60,421
60,423
60,422
60,422
60,423
60,422
60,422
60,422
60,422
60,422
60,422
60,421
60,421
60,422
60,422
60,418
60,422
60,422
60,433
60,422
60,421
60,421
60,421
60,422
60,422
60,422
60,422
60,445
60,422
60,422
60,446
60,422
60,422
60,422
60,422
60,421
60,422
60,422
60,422
60,431
60,422
60,422
60,424
60,422
60,421
60,422
60,421
60,421
60,421
60,422
60,422
60,423
60,422
60,422
60,423
60,422
60,422
60,422
60,422
60,422
60,422
60,422
60,418
60,423
60,422
60,418
60,422
60,422
60,422
60,422
60,422
60,421
60,422
60,422
60,443
60,422
60,422
60,446
60,422
60,422
60,422
60,422
60,422
60,422
60,421
60,422
60,428
60,422
60,422
60,424
60,422
60,422
60,422
60,422
60,422
60,422
60,422
60,422
60,423
60,422
60,422
60,423
60,422
60,422
60,422
60,422
60,422
60,422
60,421
60,418
60,422
60,422
60,418
60,422
60,422
60,422
60,422
60,422
60,422
60,421
60,422
60,443
60,422
60,422
60,446
60,422
60,422
60,422
60,422
60,421
60,421
60,421
60,422
60,431
60,422
60,422
60,425
60,422
60,422
60,422
60,422
60,422
60,422
60,421
60,422
60,423
60,422
60,422
60,423
60,422
60,422
60,422
60,422
60,422
60,422
60,421
60,418
60,423
60,422
60,418
60,423
60,422
60,422
60,422
60,422
60,422
60,422
60,422
60,441
60,422
60,422
60,445
60,422
60,422
60,422
60,422
60,422
60,421
60,422
60,422
60,446
60,422
60,422
60,431
60,422
60,422
60,422
60,422
60,422
60,421
60,422
60,422
60,423
60,422
60,422
60,423
60,422
60,422
60,422
60,421
60,422
60,422
60,422
60,422
60,423
60,422
60,418
60,423
60,422
60,418
60,422
60,422
60,421
60,422
60,422
60,422
60,422
60,422
60,439
60,422
60,422
60,443
60,422
60,422
60,422
60,422
60,421
60,422
60,422
60,422
60,446
60,422
60,422
60,436
60,422
60,422
60,422
60,422
60,422
60,422
60,422
60,422
60,423
60,422
60,422
60,423
60,422
60,422
60,422
60,422
60,421
60,422
60,422
60,419
60,422
60,422
60,418
60,423
60,422
60,422
60,422
60,422
60,422
60,421
60,422
60,441
60,422
60,422
60,443
60,422
60,422
60,422
60,422
60,422
60,422
60,422
60,422
60,447
60,422
60,422
60,427
60,422
60,422
60,422
60,422
60,422
60,422
60,421
60,422
60,423
60,422
60,422
60,423
60,422
60,422
60,421
60,422
60,421
60,422
60,421
60,422
60,422
60,422
60,418
60,423
60,422
60,422
60,422
60,422
60,422
60,422
60,422
60,438
60,422
60,422
60,443
60,422
60,422
60,422
60,422
60,422
60,422
60,422
60,421
60,446
60,422
60,422
60,447
60,422
60,422
60,422
60,422
60,422
60,421
60,422
60,422
60,426
60,422
60,422
60,423
60,422
60,422
60,422
60,422
60,422
60,422
60,421
60,422
60,423
60,422
60,422
60,423
60,422
60,422
60,422
60,422
60,422
60,422
60,422
60,417
60,422
60,422
60,439
60,422
60,422
60,422
60,422
60,422
60,422
60,422
60,422
60,443
60,422
60,422
60,445
60,422
60,422
60,422
60,422
60,422
60,422
60,421
60,422
60,447
60,422
60,422
60,426
60,422
60,422
60,422
60,422
60,422
60,421
60,422
60,422
60,423
60,422
60,422
60,423
60,422
60,422
60,422
60,422
60,422
60,422
60,422
60,421
60,422
60,422
60,418
60,422
60,422
60,438
60,422
60,422
60,422
60,422
60,422
60,422
60,422
60,422
60,443
60,422
60,422
60,446
60,422
60,422
60,422
60,421
60,422
60,422
60,422
60,422
60,447
60,422
60,422
60,427
60,422
60,422
60,422
60,421
60,422
60,421
60,422
60,422
60,423
60,422
60,422
60,423
60,422
60,422
60,421
60,422
60,422
60,421
60,422
60,418
60,423
60,422
60,418
60,423
60,422
60,421
60,422
60,422
60,422
60,422
60,422
60,445
60,422
60,422
60,447
60,423
60,422
60,422
60,422
60,421
60,422
60,422
60,422
60,424
60,422
60,422
60,423
60,422
60,422
60,422
60,422
60,422
60,421
60,422
60,422
60,423
60,422
60,420
60,422
60,422
60,422
60,422
60,421
60,422
60,421
60,422
60,418
60,423
60,422
60,418
60,422
60,422
60,422
60,422
60,422
60,422
60,422
60,422
60,443
60,422
60,422
60,446
60,422
60,422
60,422
60,422
60,422
60,422
60,421
60,422
60,447
60,422
60,422
60,431
60,422
60,422
60,422
60,422
60,422
60,422
60,422
60,421
60,423
60,422
60,422
60,423
60,422
60,422
60,422
60,422
60,422
60,421
60,422
60,418
60,422
60,422
60,418
60,423
60,422
60,422
60,422
60,422
