Distance,Signal
10,473
10,473
10,498
10,474
10,473
10,499
10,474
10,473
10,473
10,473
10,473
10,473
10,473
10,473
10,480
10,473
10,473
10,478
10,473
10,473
10,473
10,473
10,473
10,473
10,473
10,473
10,475
10,474
10,473
10,474
10,474
10,473
10,473
10,473
10,473
10,473
10,473
10,473
10,474
10,473
10,472
10,474
10,473
10,473
10,473
10,473
10,473
10,473
10,473
10,471
10,474
10,473
10,471
10,474
10,473
10,473
10,473
10,473
10,473
10,473
10,473
10,497
10,473
10,473
10,497
10,474
10,473
10,473
10,473
10,473
10,473
10,473
10,473
10,498
10,474
10,473
10,498
10,473
10,473
10,473
10,473
10,473
10,473
10,473
10,473
10,475
10,473
10,473
10,474
10,473
10,473
10,473
10,473
10,473
10,473
10,473
10,473
10,474
10,473
10,473
10,474
10,473
10,473
10,473
10,473
10,473
10,473
10,473
10,473
10,474
10,473
10,472
10,474
10,473
10,472
10,473
10,473
10,473
10,473
10,473
10,473
10,474
10,473
10,478
10,474
10,473
10,488
10,473
10,473
10,473
10,473
10,473
10,473
10,474
10,473
10,496
10,473
10,473
10,498
10,473
10,473
10,473
10,473
10,473
10,473
10,473
10,473
10,498
10,473
10,473
10,482
10,473
10,473
10,473
10,473
10,473
10,473
10,473
10,473
10,475
10,473
10,473
10,474
10,473
10,473
10,473
10,473
10,473
10,473
10,473
10,473
10,474
10,473
10,473
10,474
10,473
10,473
10,473
10,473
10,473
10,473
10,473
10,472
10,474
10,473
10,472
10,474
10,473
10,473
10,473
10,473
10,473
10,473
10,473
10,471
10,474
10,473
10,487
10,474
10,473
10,473
10,473
10,473
10,473
10,473
10,473
10,495
10,474
10,473
10,497
10,474
10,473
10,473
10,473
10,473
10,473
10,473
10,473
10,498
10,473
10,473
10,498
10,473
10,473
10,473
10,473
10,473
10,473
10,473
10,473
10,498
10,474
10,473
10,478
10,473
10,473
10,473
10,473
10,473
10,473
10,473
10,473
10,475
10,473
10,473
10,475
10,474
10,473
10,473
10,473
10,473
10,473
10,473
10,473
10,474
10,473
10,473
10,474
10,473
10,473
10,473
10,473
10,473
10,473
10,473
10,472
10,474
10,473
10,472
10,474
10,473
10,473
10,473
10,473
10,473
10,473
10,473
10,471
10,474
10,473
10,488
10,474
10,473
10,473
10,473
10,473
10,473
10,473
10,473
10,493
10,473
10,473
10,497
10,473
10,473
10,473
10,473
10,473
10,473
10,473
10,473
10,498
10,473
10,473
10,498
10,474
10,473
10,473
10,473
10,473
10,473
10,473
10,473
10,479
10,473
10,473
10,476
10,473
10,473
10,473
10,473
10,473
10,473
10,473
10,473
10,475
10,473
10,473
10,474
10,473
10,473
10,473
10,473
10,473
10,473
10,473
10,473
10,474
10,473
10,473
10,474
10,473
10,473
10,473
10,473
10,473
10,473
10,473
10,472
10,474
10,473
10,472
10,474
10,473
10,473
10,473
10,473
10,473
10,473
10,473
10,472
10,474
10,473
10,490
10,474
10,473
10,473
10,473
10,473
10,473
10,473
10,473
10,496
10,474
10,473
10,497
10,473
10,473
10,473
10,473
10,473
10,473
10,473
10,473
10,490
10,473
10,473
10,480
10,473
10,473
10,473
10,473
10,473
10,473
10,473
10,473
10,476
10,473
10,473
10,475
10,473
10,473
10,473
10,473
10,473
10,473
10,473
10,473
10,474
10,473
10,473
10,474
10,473
10,473
10,473
10,473
10,473
10,473
10,473
10,473
10,474
10,473
10,472
10,474
10,473
10,472
10,473
10,473
10,473
10,473
10,473
10,473
10,474
10,473
10,471
10,474
10,473
10,490
10,473
10,473
10,473
10,473
10,473
10,473
10,474
10,473
10,496
10,474
10,473
10,497
10,473
10,473
10,473
10,473
10,473
10,473
10,473
10,473
10,498
10,473
10,473
10,498
10,473
10,473
10,473
10,473
10,473
10,473
10,473
10,473
10,478
10,473
10,473
10,477
10,473
10,473
10,473
10,473
10,473
10,473
10,473
10,473
10,475
10,474
10,473
10,474
10,473
10,473
10,473
10,473
10,473
10,473
10,473
10,473
10,474
10,474
10,473
10,474
10,473
10,473
10,473
10,473
10,473
10,473
10,473
10,472
10,474
10,473
10,472
10,474
10,473
10,473
10,473
10,473
10,473
10,473
10,473
10,471
10,474
10,473
10,477
10,473
10,473
10,473
10,473
10,473
10,473
10,473
10,473
10,496
10,474
10,473
10,498
10,474
10,473
10,473
10,473
10,473
10,473
10,473
10,473
10,499
10,473
10,473
10,483
10,473
10,473
10,473
10,473
10,473
10,473
10,473
10,473
10,475
10,473
10,473
10,475
10,473
10,473
10,473
10,473
10,473
10,473
10,473
10,473
10,474
10,473
10,473
10,474
10,473
10,473
10,473
10,473
10,473
10,473
10,473
10,472
10,474
10,473
10,472
10,474
10,473
10,473
10,473
10,473
10,473
10,473
10,473
10,472
10,474
10,473
10,483
10,474
10,473
10,473
10,473
10,473
10,473
10,473
10,473
10,495
10,473
10,473
10,497
10,474
10,473
10,473
10,473
10,473
10,473
10,473
10,473
10,498
10,473
10,473
10,498
10,473
10,474
10,473
10,473
10,473
10,473
10,473
10,473
10,498
10,474
10,473
10,485
10,473
10,473
10,473
10,473
10,473
10,473
10,473
10,473
10,475
10,473
10,473
10,474
10,473
10,473
10,473
10,473
10,473
10,473
10,473
10,473
10,474
10,473
10,473
10,474
10,473
10,473
10,473
10,473
10,473
10,473
10,473
10,472
10,474
10,473
10,472
10,474
10,473
10,473
10,473
10,473
10,473
10,473
10,473
10,472
10,474
10,473
10,471
10,474
10,473
10,473
10,473
10,473
10,473
10,473
10,473
10,491
10,474
10,473
10,496
10,474
10,473
10,473
10,473
10,473
10,473
10,473
10,473
10,497
10,474
10,473
10,498
10,474
10,473
10,473
10,473
10,473
10,473
10,473
10,473
10,498
10,473
10,473
10,491
10,474
10,473
10,473
10,473
10,473
10,473
10,473
10,473
10,477
10,473
10,473
10,476
10,473
10,473
10,473
10,473
10,473
10,473
10,473
10,473
10,475
10,473
10,473
10,475
10,474
10,473
10,473
10,473
10,473
10,473
10,473
10,473
10,474
10,473
10,473
10,474
10,473
10,472
10,473
10,473
10,473
10,473
10,473
10,473
10,474
10,473
10,472
10,474
10,473
10,472
10,473
10,473
10,473
10,473
10,473
10,473
10,473
10,473
10,492
10,473
10,473
10,497
10,473
10,473
10,473
10,473
10,473
10,473
10,473
10,473
10,498
10,473
10,473
10,498
10,473
10,473
10,473
10,473
10,473
10,473
10,473
10,473
10,483
10,474
10,473
10,477
10,473
10,473
10,473
10,473
10,473
10,473
10,473
10,473
10,474
10,473
10,473
10,474
10,473
10,473
10,473
10,473
10,473
10,473
10,473
10,473
10,474
10,473
10,472
10,474
10,473
10,473
10,473
10,473
10,473
10,473
10,473
10,472
10,474
10,473
10,471
10,474
10,473
10,473
10,473
10,473
10,473
10,473
10,473
10,471
10,474
10,473
10,492
10,474
10,473
10,473
10,473
10,473
10,473
10,473
10,473
10,497
10,473
10,473
10,498
10,473
10,473
10,473
10,473
10,473
10,473
10,473
10,473
10,498
10,473
10,473
10,498
10,473
10,473
10,473
10,473
10,473
10,473
10,473
10,473
10,476
10,473
10,473
10,475
10,473
10,473
10,473
10,473
10,473
10,473
10,473
10,473
10,474
10,473
10,473
10,474
10,473
10,473
10,473
10,473
10,473
10,473
10,473
10,472
10,474
10,473
10,472
10,474
10,473
10,473
10,473
10,473
10,473
10,473
10,473
10,477
10,474
10,473
10,488
10,474
10,473
10,473
10,473
10,473
10,473
10,473
10,473
10,495
10,474
10,473
10,497
10,473
10,473
10,473
10,473
10,473
10,473
10,473
10,473
10,498
10,473
10,473
10,498
10,474
10,473
10,473
10,473
10,473
10,473
10,473
10,473
10,484
10,473
10,473
10,477
10,473
10,473
10,473
10,473
10,473
10,473
10,473
10,473
10,475
10,473
10,473
10,474
10,473
10,473
10,473
10,473
10,473
10,473
10,473
10,473
10,474
10,473
10,472
10,474
10,473
10,473
10,473
10,473
10,473
10,473
10,473
10,471
10,474
10,473
10,480
10,474
10,473
10,473
10,473
10,473
10,473
10,473
10,473
10,495
10,473
10,473
10,497
10,474
40,855
40,854
40,850
40,850
40,850
40,850
40,850
40,850
40,863
40,852
40,851
40,863
40,852
40,851
40,851
40,851
40,850
40,851
40,850
40,850
40,887
40,852
40,851
40,888
40,851
40,851
40,850
40,851
40,850
40,850
40,851
40,850
40,877
40,851
40,851
40,866
40,851
40,851
40,850
40,850
40,850
40,851
40,850
40,850
40,852
40,851
40,851
40,852
40,851
40,850
40,850
40,850
40,850
40,851
40,850
40,855
40,852
40,851
40,863
40,852
40,851
40,851
40,850
40,851
40,850
40,850
40,850
40,888
40,851
40,851
40,880
40,851
40,851
40,850
40,850
40,850
40,850
40,850
40,851
40,869
40,852
40,851
40,859
40,851
40,851
40,850
40,850
40,850
40,850
40,850
40,851
40,852
40,851
40,851
40,852
40,851
40,863
40,854
40,853
40,854
40,853
40,853
40,853
40,854
40,854
40,884
40,854
40,854
40,891
40,850
40,850
40,850
40,850
40,850
40,850
40,851
40,851
40,876
40,851
40,851
40,876
40,850
40,851
40,850
40,850
40,850
40,850
40,851
40,851
40,854
40,851
40,851
40,853
40,851
40,850
40,850
40,850
40,850
40,850
40,851
40,851
40,852
40,851
40,863
40,852
40,850
40,850
40,851
40,850
40,850
40,850
40,851
40,883
40,851
40,851
40,887
40,851
40,850
40,850
40,850
40,850
40,851
40,850
40,851
40,880
40,851
40,851
40,876
40,851
40,850
40,851
40,850
40,850
40,850
40,851
40,851
40,854
40,851
40,850
40,852
40,851
40,850
40,850
40,850
40,850
40,850
40,850
40,855
40,852
40,851
40,863
40,851
40,851
40,850
40,850
40,850
40,850
40,850
40,850
40,888
40,851
40,851
40,880
40,851
40,851
40,850
40,850
40,850
40,851
40,850
40,850
40,877
40,851
40,851
40,855
40,851
40,851
40,850
40,850
40,850
40,850
40,850
40,850
40,853
40,851
40,851
40,852
40,851
40,851
40,850
40,850
40,850
40,850
40,850
40,863
40,852
40,851
40,863
40,852
40,851
40,850
40,850
40,850
40,850
40,850
40,850
40,888
40,851
40,851
40,880
40,851
40,851
40,851
40,851
40,850
40,850
40,851
40,850
40,864
40,851
40,851
40,854
40,851
40,850
40,850
40,850
40,851
40,851
40,850
40,850
40,852
40,851
40,851
40,852
40,851
40,851
40,851
40,850
40,850
40,850
40,850
40,850
40,851
40,851
40,863
40,852
40,851
40,883
40,850
40,850
40,850
40,850
40,850
40,850
40,851
40,851
40,880
40,851
40,850
40,876
40,850
40,851
40,850
40,850
40,850
40,851
40,851
40,851
40,853
40,851
40,851
40,853
40,850
40,850
40,850
40,850
40,850
40,851
40,851
40,851
40,852
40,851
40,851
40,852
40,851
40,850
40,850
40,851
40,850
40,850
40,851
40,863
40,852
40,851
40,881
40,851
40,850
40,850
40,851
40,850
40,850
40,850
40,851
40,880
40,851
40,851
40,876
40,851
40,851
40,850
40,850
40,850
40,850
40,851
40,851
40,856
40,851
40,851
40,853
40,851
40,850
40,850
40,850
40,850
40,850
40,850
40,850
40,852
40,851
40,855
40,852
40,851
40,850
40,850
40,850
40,850
40,850
40,850
40,864
40,852
40,851
40,885
40,851
40,851
40,850
40,850
40,850
40,850
40,850
40,850
40,880
40,851
40,851
40,877
40,851
40,851
40,850
40,850
40,850
40,850
40,851
40,850
40,853
40,851
40,850
40,853
40,851
40,851
40,850
40,850
40,850
40,850
40,851
40,851
40,852
40,851
40,863
40,851
40,851
40,851
40,850
40,850
40,850
40,850
40,850
40,878
40,851
40,851
40,887
40,852
40,851
40,851
40,851
40,850
40,850
40,850
40,850
40,880
40,851
40,851
40,876
40,851
40,851
40,850
40,850
40,851
40,850
40,850
40,850
40,869
40,851
40,850
40,854
40,851
40,850
40,850
40,850
40,850
40,850
40,850
40,850
40,852
40,851
40,851
40,852
40,851
40,863
40,851
40,850
40,850
40,850
40,850
40,850
40,851
40,851
40,863
40,851
40,851
40,887
40,850
40,850
40,850
40,850
40,850
40,850
40,851
40,851
40,876
40,851
40,851
40,876
40,851
40,850
40,850
40,850
40,850
40,850
40,851
40,851
40,854
40,851
40,850
40,853
40,853
40,853
40,854
40,853
40,853
40,853
40,854
40,853
40,855
40,854
40,863
40,855
40,850
40,850
40,850
40,850
40,850
40,850
40,851
40,883
40,851
40,851
40,887
40,851
40,850
40,850
40,851
40,850
40,851
40,850
40,851
40,880
40,851
40,851
40,877
40,852
40,851
40,850
40,851
40,850
40,850
40,850
40,851
40,854
40,851
40,851
40,852
40,851
40,850
40,850
40,850
40,850
40,850
40,850
40,851
40,852
40,851
40,863
40,852
40,851
40,850
40,850
40,850
40,850
40,850
40,850
40,880
40,851
40,851
40,883
40,852
40,851
40,851
40,850
40,850
40,850
40,850
40,850
40,880
40,851
40,851
40,876
40,851
40,851
40,850
40,850
40,851
40,850
40,851
40,850
40,854
40,851
40,851
40,853
40,851
40,851
40,850
40,851
40,850
40,850
40,850
40,850
40,852
40,851
40,851
40,852
40,851
40,851
40,850
40,850
40,850
40,850
40,851
40,863
40,851
40,851
40,863
40,851
40,851
40,851
40,850
40,850
40,850
40,850
40,850
40,880
40,851
40,851
40,876
40,851
40,851
40,850
40,851
40,850
40,850
40,851
40,850
40,857
40,851
40,850
40,853
40,851
40,851
40,851
40,850
40,851
40,851
40,851
40,850
40,852
40,851
40,851
40,852
40,851
40,851
40,851
40,850
40,850
40,850
40,850
40,850
40,852
40,851
40,863
40,851
40,851
40,880
40,850
40,850
40,850
40,850
40,851
40,850
40,851
40,851
40,880
40,851
40,851
40,877
40,850
40,850
40,850
40,851
40,850
40,850
40,851
40,851
40,854
40,851
40,851
40,853
40,851
40,851
40,851
40,851
40,850
40,850
40,851
40,851
40,852
40,851
40,855
40,852
40,850
40,851
40,850
40,851
40,851
40,850
40,851
40,870
40,852
40,851
40,881
40,852
40,851
40,850
40,850
40,850
40,850
40,851
40,851
40,880
40,851
40,851
40,876
40,851
40,850
40,850
40,850
40,850
40,851
40,850
40,851
40,856
40,851
40,851
40,853
40,851
40,851
40,850
40,851
40,850
40,850
40,850
40,850
40,852
40,851
40,855
40,852
40,851
40,850
40,851
40,850
40,851
40,850
40,851
40,863
40,852
40,851
40,876
40,851
40,851
40,851
40,850
40,850
40,850
40,850
40,851
40,888
40,851
40,851
40,880
40,851
40,851
40,851
40,850
40,850
40,850
40,850
40,850
40,860
40,851
40,851
40,854
40,851
40,851
40,850
40,850
40,851
40,850
40,851
40,851
40,852
40,851
40,851
40,852
40,851
40,851
40,850
40,850
40,850
40,850
40,850
40,863
40,852
40,851
40,862
40,852
40,851
40,850
40,850
40,850
40,851
40,850
40,850
40,880
40,851
40,851
40,876
40,851
40,851
40,851
40,850
40,850
40,850
40,850
40,850
40,854
40,851
40,851
40,853
40,851
40,851
40,851
40,850
40,850
40,850
40,850
40,851
40,852
40,851
40,863
40,851
40,851
40,863
40,850
40,850
40,851
40,850
40,850
40,850
40,851
40,851
40,880
40,851
40,851
40,888
40,851
40,850
40,851
40,850
40,850
40,850
40,851
40,851
40,876
40,851
40,851
40,876
40,851
40,850
40,850
40,850
40,850
40,850
40,851
40,851
40,853
40,851
40,851
40,852
40,850
40,850
40,850
40,850
40,850
40,850
40,851
40,855
40,852
40,851
40,863
40,852
40,850
40,850
40,850
40,850
40,850
40,850
40,851
40,884
40,851
40,851
40,888
40,851
40,850
40,850
40,851
40,850
40,850
40,851
40,851
40,876
40,851
40,851
40,877
40,851
40,850
40,850
40,850
40,851
40,850
40,850
40,851
40,854
40,851
40,851
40,852
40,851
40,851
40,850
40,850
40,850
40,851
40,850
40,850
40,852
40,851
40,851
40,852
40,851
40,850
40,850
40,850
40,850
40,850
40,850
40,863
40,852
40,851
40,863
40,852
40,851
40,850
40,850
40,850
40,850
40,850
40,850
40,888
40,851
40,851
40,880
40,851
40,851
40,850
40,850
40,850
40,851
40,850
40,850
40,862
40,851
40,850
40,855
40,851
40,851
40,850
40,850
40,851
40,851
40,851
40,850
40,853
40,851
40,851
40,852
40,851
40,850
40,851
40,850
40,850
40,851
40,850
40,863
40,852
70,831
70,826
70,826
70,837
70,825
70,825
70,825
70,825
70,825
70,825
70,826
70,825
70,858
70,826
70,825
70,862
70,825
70,825
70,825
70,825
70,825
70,825
70,826
70,825
70,852
70,826
70,825
70,851
70,825
70,825
70,825
70,825
70,825
70,825
70,826
70,825
70,827
70,826
70,825
70,827
70,825
70,825
70,825
70,825
70,825
70,825
70,826
70,827
70,827
70,825
70,831
70,826
70,825
70,825
70,825
70,825
70,825
70,825
70,826
70,855
70,826
70,825
70,861
70,826
70,825
70,825
70,825
70,825
70,825
70,825
70,825
70,852
70,826
70,826
70,851
70,826
70,825
70,825
70,825
70,825
70,825
70,825
70,825
70,827
70,826
70,826
70,827
70,825
70,825
70,825
70,826
70,825
70,825
70,825
70,831
70,826
70,826
70,838
70,826
70,825
70,825
70,825
70,825
70,825
70,825
70,825
70,860
70,826
70,826
70,860
70,826
70,825
70,825
70,825
70,825
70,825
70,825
70,825
70,851
70,826
70,826
70,832
70,826
70,825
70,825
70,825
70,825
70,825
70,825
70,825
70,827
70,826
70,825
70,827
70,826
70,825
70,825
70,825
70,825
70,825
70,825
70,831
70,826
70,826
70,831
70,826
70,826
70,825
70,825
70,825
70,825
70,825
70,825
70,845
70,826
70,825
70,861
70,826
70,825
70,825
70,825
70,825
70,825
70,825
70,825
70,851
70,826
70,826
70,852
70,826
70,825
70,825
70,825
70,825
70,825
70,825
70,825
70,831
70,826
70,826
70,828
70,826
70,825
70,825
70,825
70,825
70,825
70,825
70,825
70,827
70,825
70,827
70,826
70,825
70,831
70,826
70,825
70,825
70,825
70,825
70,825
70,826
70,826
70,838
70,826
70,826
70,859
70,825
70,825
70,825
70,825
70,825
70,825
70,826
70,825
70,851
70,826
70,826
70,851
70,825
70,825
70,825
70,825
70,825
70,825
70,826
70,825
70,828
70,826
70,825
70,827
70,825
70,825
70,825
70,825
70,825
70,825
70,826
70,825
70,827
70,826
70,825
70,827
70,825
70,825
70,825
70,825
70,825
70,825
70,825
70,831
70,827
70,826
70,837
70,826
70,825
70,825
70,825
70,825
70,825
70,825
70,825
70,861
70,826
70,825
70,856
70,826
70,825
70,825
70,825
70,825
70,825
70,825
70,825
70,832
70,826
70,825
70,830
70,826
70,825
70,825
70,825
70,825
70,825
70,825
70,825
70,827
70,825
70,826
70,827
70,826
70,825
70,825
70,825
70,825
70,825
70,825
70,831
70,826
70,825
70,837
70,826
70,826
70,825
70,825
70,825
70,825
70,825
70,825
70,861
70,826
70,826
70,852
70,826
70,825
70,825
70,825
70,825
70,825
70,825
70,825
70,830
70,826
70,825
70,828
70,826
70,825
70,825
70,825
70,825
70,825
70,825
70,825
70,827
70,825
70,827
70,826
70,826
70,825
70,825
70,825
70,825
70,825
70,825
70,837
70,826
70,826
70,857
70,826
70,825
70,825
70,825
70,825
70,825
70,825
70,825
70,864
70,826
70,825
70,851
70,826
70,825
70,825
70,825
70,825
70,825
70,825
70,825
70,833
70,826
70,825
70,828
70,825
70,826
70,825
70,825
70,825
70,825
70,825
70,825
70,827
70,826
70,826
70,827
70,826
70,827
70,825
70,825
70,825
70,825
70,825
70,825
70,827
70,826
70,833
70,826
70,826
70,859
70,825
70,825
70,825
70,825
70,825
70,825
70,826
70,825
70,856
70,826
70,825
70,851
70,825
70,825
70,825
70,825
70,825
70,825
70,826
70,826
70,828
70,826
70,825
70,827
70,825
70,825
70,825
70,825
70,825
70,825
70,826
70,825
70,826
70,825
70,825
70,826
70,825
70,825
70,825
70,825
70,825
70,825
70,826
70,838
70,826
70,825
70,860
70,826
70,825
70,825
70,825
70,825
70,825
70,825
70,825
70,864
70,826
70,825
70,864
70,826
70,825
70,825
70,825
70,825
70,825
70,825
70,825
70,833
70,826
70,825
70,828
70,826
70,825
70,825
70,825
70,825
70,825
70,825
70,825
70,827
70,826
70,825
70,826
70,825
70,825
70,825
70,825
70,825
70,825
70,825
70,831
70,826
70,826
70,831
70,826
70,825
70,825
70,825
70,825
70,825
70,825
70,825
70,861
70,826
70,826
70,862
70,826
70,825
70,825
70,825
70,825
70,825
70,825
70,825
70,851
70,826
70,825
70,846
70,826
70,825
70,825
70,825
70,825
70,825
70,825
70,825
70,828
70,825
70,826
70,827
70,826
70,825
70,825
70,825
70,825
70,825
70,825
70,831
70,827
70,826
70,831
70,826
70,826
70,825
70,825
70,825
70,825
70,825
70,825
70,859
70,826
70,825
70,860
70,826
70,826
70,825
70,825
70,825
70,825
70,825
70,825
70,851
70,826
70,825
70,834
70,826
70,825
70,825
70,825
70,825
70,825
70,825
70,825
70,827
70,825
70,825
70,827
70,826
70,825
70,825
70,825
70,825
70,825
70,825
70,825
70,827
70,826
70,831
70,826
70,825
70,838
70,825
70,825
70,825
70,825
70,825
70,825
70,826
70,825
70,857
70,826
70,826
70,862
70,825
70,825
70,825
70,825
70,825
70,825
70,826
70,825
70,851
70,826
70,825
70,834
70,825
70,825
70,825
70,825
70,825
70,825
70,826
70,825
70,828
70,825
70,825
70,827
70,825
70,825
70,825
70,825
70,825
70,825
70,825
70,827
70,827
70,826
70,831
70,826
70,825
70,825
70,825
70,825
70,825
70,825
70,825
70,860
70,826
70,825
70,862
70,826
70,825
70,825
70,825
70,825
70,825
70,825
70,825
70,856
70,826
70,825
70,831
70,826
70,825
70,825
70,825
70,825
70,825
70,825
70,825
70,827
70,825
70,825
70,827
70,826
70,825
70,825
70,825
70,825
70,825
70,825
70,831
70,826
70,825
70,838
70,826
70,825
70,825
70,825
70,825
70,825
70,825
70,825
70,859
70,826
70,826
70,860
70,826
70,825
70,825
70,825
70,825
70,825
70,825
70,825
70,851
70,826
70,825
70,846
70,826
70,825
70,825
70,825
70,825
70,825
70,825
70,825
70,828
70,825
70,825
70,827
70,826
70,825
70,825
70,825
70,825
70,825
70,825
70,825
70,827
70,826
70,831
70,827
70,826
70,825
70,825
70,825
70,825
70,825
70,825
70,838
70,826
70,826
70,857
70,826
70,825
70,825
70,825
70,825
70,825
70,825
70,825
70,856
70,826
70,826
70,851
70,826
70,825
70,825
70,825
70,825
70,825
70,825
70,825
70,832
70,826
70,825
70,829
70,825
70,825
70,825
70,825
70,825
70,825
70,825
70,825
70,827
70,826
70,826
70,827
70,826
70,825
70,825
70,825
70,825
70,825
70,825
70,825
70,826
70,826
70,831
70,826
70,826
70,838
70,825
70,825
70,825
70,825
70,825
70,825
70,826
70,825
70,861
70,826
70,826
70,860
70,825
70,825
70,825
70,825
70,825
70,825
70,826
70,825
70,851
70,826
70,825
70,835
70,825
70,825
70,825
70,825
70,825
70,825
70,826
70,825
70,829
70,826
70,826
70,827
70,825
70,825
70,825
70,825
70,825
70,825
70,826
70,826
70,827
70,826
70,825
70,826
70,825
70,825
70,825
70,825
70,825
70,825
70,826
70,831
70,826
70,825
70,837
70,826
70,825
70,825
70,825
70,825
70,825
70,825
70,826
70,852
70,826
70,826
70,851
70,826
70,825
70,825
70,825
70,825
70,825
70,825
70,825
70,838
70,826
70,826
70,829
70,826
70,825
70,825
70,825
70,825
70,825
70,825
70,825
70,827
70,826
70,825
70,827
70,826
70,825
70,825
70,825
70,825
70,825
70,825
70,831
70,826
70,826
70,838
70,826
70,826
70,825
70,825
70,825
70,825
70,825
70,825
70,860
70,826
70,826
70,856
70,826
70,826
70,825
70,825
70,825
70,825
70,825
70,825
70,851
70,826
70,825
70,840
70,826
70,825
70,825
70,825
70,825
70,825
70,825
70,825
70,827
70,826
70,825
70,827
70,826
70,825
70,825
70,825
70,825
70,825
70,825
70,831
70,827
70,825
70,838
70,826
70,826
70,825
70,825
70,825
70,825
70,825
70,825
70,858
70,826
70,825
70,861
70,826
70,826
70,825
70,825
70,825
70,825
70,825
70,825
70,851
70,826
70,826
70,851
70,826
70,825
70,825
70,825
70,825
70,825
70,825
70,825
70,828
70,826
70,825
70,827
70,826
70,825
70,826
70,825
70,825
70,825
70,825
70,825
70,827
70,826
70,831
70,827
70,825
70,831
70,825
70,825
70,825
70,825
70,825
100,680
100,680
100,680
100,680
100,705
100,681
100,681
100,711
100,681
100,680
100,680
100,680
100,680
100,681
100,680
100,681
100,692
100,681
100,681
100,685
100,681
100,681
100,681
100,680
100,680
100,680
100,680
100,681
100,682
100,681
100,681
100,682
100,679
100,678
100,678
100,678
100,678
100,678
100,678
100,685
100,679
100,679
100,685
100,679
100,679
100,678
100,678
100,678
100,678
100,678
100,678
100,710
100,679
100,678
100,704
100,679
100,681
100,680
100,681
100,680
100,681
100,680
100,681
100,701
100,681
100,681
100,684
100,681
100,681
100,681
100,680
100,681
100,680
100,680
100,680
100,682
100,681
100,681
100,682
100,681
100,681
100,680
100,680
100,680
100,680
100,680
100,687
100,682
100,681
100,701
100,681
100,681
100,678
100,678
100,678
100,678
100,678
100,678
100,704
100,679
100,678
100,704
100,679
100,678
100,678
100,678
100,678
100,678
100,678
100,678
100,688
100,679
100,679
100,683
100,679
100,678
100,678
100,678
100,678
100,678
100,678
100,678
100,680
100,679
100,678
100,679
100,679
100,678
100,678
100,678
100,678
100,678
100,678
100,678
100,679
100,679
100,683
100,679
100,678
100,685
100,680
100,680
100,680
100,681
100,680
100,680
100,681
100,681
100,712
100,681
100,681
100,712
100,680
100,681
100,681
100,680
100,681
100,680
100,681
100,681
100,706
100,681
100,681
100,686
100,680
100,680
100,680
100,680
100,680
100,680
100,681
100,681
100,682
100,681
100,681
100,682
100,680
100,681
100,681
100,680
100,680
100,680
100,681
100,687
100,681
100,681
100,694
100,681
100,681
100,680
100,680
100,681
100,680
100,681
100,681
100,708
100,681
100,681
100,706
100,681
100,680
100,680
100,680
100,680
100,680
100,680
100,681
100,683
100,681
100,681
100,683
100,681
100,681
100,680
100,680
100,680
100,680
100,680
100,681
100,682
100,681
100,687
100,681
100,678
100,678
100,678
100,678
100,678
100,678
100,678
100,693
100,679
100,679
100,705
100,679
100,681
100,680
100,681
100,680
100,681
100,680
100,680
100,706
100,681
100,681
100,706
100,681
100,678
100,678
100,678
100,678
100,678
100,678
100,678
100,682
100,679
100,678
100,680
100,678
100,681
100,680
100,681
100,680
100,680
100,680
100,681
100,682
100,681
100,687
100,681
100,681
100,678
100,678
100,678
100,678
100,678
100,678
100,695
100,679
100,678
100,708
100,679
100,678
100,678
100,678
100,678
100,678
100,678
100,678
100,708
100,679
100,678
100,704
100,679
100,678
100,681
100,680
100,681
100,681
100,680
100,681
100,686
100,681
100,681
100,683
100,681
100,681
100,680
100,680
100,681
100,680
100,681
100,680
100,682
100,681
100,687
100,682
100,681
100,687
100,680
100,680
100,680
100,680
100,680
100,680
100,681
100,681
100,712
100,681
100,681
100,706
100,681
100,681
100,681
100,680
100,680
100,680
100,681
100,681
100,686
100,681
100,681
100,683
100,678
100,678
100,678
100,678
100,678
100,678
100,678
100,678
100,680
100,679
100,678
100,679
100,680
100,680
100,680
100,680
100,681
100,681
100,681
100,687
100,682
100,681
100,700
100,682
100,678
100,678
100,678
100,678
100,678
100,678
100,678
100,704
100,679
100,678
100,704
100,679
100,680
100,680
100,680
100,680
100,680
100,680
100,680
100,684
100,681
100,681
100,683
100,679
100,678
100,678
100,678
100,678
100,678
100,678
100,678
100,680
100,679
100,678
100,679
100,678
100,678
100,678
100,678
100,678
100,678
100,678
100,685
100,679
100,678
100,685
100,679
100,679
100,678
100,678
100,678
100,678
100,678
100,678
100,697
100,679
100,678
100,708
100,679
100,681
100,681
100,681
100,680
100,681
100,680
100,681
100,706
100,681
100,681
100,690
100,681
100,678
100,678
100,678
100,678
100,678
100,678
100,678
100,680
100,679
100,678
100,680
100,678
100,681
100,680
100,680
100,680
100,681
100,681
100,687
100,681
100,681
100,687
100,681
100,681
100,678
100,678
100,678
100,678
100,678
100,678
100,703
100,679
100,679
100,708
100,679
100,679
100,678
100,678
100,678
100,678
100,678
100,678
100,704
100,679
100,678
100,704
100,679
100,678
100,681
100,680
100,681
100,680
100,680
100,680
100,685
100,681
100,681
100,683
100,681
100,681
100,681
100,680
100,680
100,680
100,680
100,680
100,682
100,681
100,686
100,682
100,681
100,687
100,680
100,680
100,681
100,680
100,681
100,680
100,681
100,681
100,712
100,681
100,681
100,706
100,678
100,678
100,678
100,678
100,678
100,678
100,678
100,679
100,694
100,679
100,678
100,682
100,678
100,678
100,678
100,678
100,678
100,678
100,679
100,678
100,680
100,679
100,678
100,680
100,681
100,680
100,680
100,680
100,680
100,680
100,681
100,687
100,682
100,681
100,687
100,682
100,678
100,678
100,678
100,678
100,678
100,678
100,678
100,707
100,679
100,679
100,708
100,679
100,680
100,680
100,680
100,680
100,681
100,680
100,681
100,707
100,681
100,681
100,686
100,681
100,678
100,678
100,678
100,678
100,678
100,678
100,678
100,680
100,678
100,678
100,679
100,681
100,680
100,681
100,680
100,680
100,681
100,680
100,687
100,682
100,681
100,687
100,682
100,681
100,680
100,680
100,681
100,680
100,680
100,680
100,712
100,681
100,681
100,706
100,681
100,681
100,680
100,681
100,680
100,681
100,680
100,680
100,688
100,681
100,681
100,683
100,681
100,678
100,678
100,678
100,678
100,678
100,678
100,678
100,680
100,679
100,678
100,679
100,679
100,681
100,680
100,680
100,680
100,681
100,681
100,686
100,682
100,681
100,687
100,682
100,681
100,681
100,680
100,680
100,680
100,680
100,680
100,712
100,681
100,681
100,706
100,681
100,681
100,681
100,680
100,681
100,680
100,680
100,680
100,684
100,681
100,681
100,683
100,681
100,681
100,680
100,681
100,680
100,680
100,680
100,680
100,681
100,681
100,687
100,682
100,681
100,687
100,680
100,680
100,680
100,681
100,680
100,680
100,681
100,681
100,706
100,681
100,681
100,706
100,678
100,678
100,678
100,678
100,678
100,678
100,679
100,678
100,686
100,679
100,678
100,681
100,678
100,678
100,678
100,678
100,678
100,678
100,679
100,678
100,680
100,678
100,678
100,679
100,678
100,678
100,678
100,678
100,678
100,678
100,679
100,679
100,679
100,678
100,685
100,679
100,680
100,680
100,680
100,681
100,680
100,680
100,681
100,710
100,681
100,681
100,712
100,681
100,680
100,680
100,681
100,680
100,680
100,680
100,681
100,707
100,681
100,681
100,687
100,681
100,678
100,678
100,678
100,678
100,678
100,678
100,678
100,681
100,678
100,678
100,680
100,681
100,680
100,680
100,680
100,681
100,681
100,681
100,683
100,682
100,681
100,687
100,681
100,681
100,680
100,680
100,680
100,680
100,681
100,680
100,712
100,681
100,681
100,706
100,681
100,680
100,680
100,680
100,680
100,681
100,680
100,680
100,685
100,681
100,681
100,683
100,681
100,678
100,678
100,678
100,678
100,678
100,678
100,678
100,680
100,678
100,678
100,679
100,678
100,681
100,680
100,681
100,681
100,680
100,681
100,702
100,681
100,681
100,711
100,681
100,681
100,680
100,681
100,681
100,680
100,680
100,680
100,706
100,681
100,681
100,694
100,681
100,681
100,681
100,680
100,680
100,680
100,680
100,680
100,682
100,681
100,681
100,682
100,681
100,681
100,678
100,678
100,678
100,678
100,678
100,678
100,679
100,678
100,685
100,679
100,678
100,685
100,678
100,678
100,678
100,678
100,678
100,678
100,679
100,678
100,707
100,679
100,678
100,708
100,681
100,680
100,680
100,681
100,680
100,680
100,681
100,681
100,706
100,681
100,681
100,695
100,681
100,680
100,680
100,680
100,680
100,680
100,681
100,681
100,682
100,681
100,681
100,682
100,680
100,681
100,680
100,680
100,680
100,680
100,681
100,687
100,681
100,681
100,695
100,681
100,681
100,680
100,681
100,680
100,680
100,680
100,681
100,706
100,681
100,681
100,706
100,681
100,680
100,680
100,680
100,680
100,680
100,680
100,681
100,683
100,681
100,681
100,682
100,679
100,678
100,678
100,678
100,678
100,678
100,678
100,678
100,680
100,679
100,679
100,679
100,681
100,680
100,680
100,680
100,680
100,681
100,680
100,687
100,681
100,681
100,709
100,681
100,679
100,678
100,678
100,678
100,678
100,678
100,678
100,704
100,679
100,679
100,704
100,679
100,678
100,678
100,678
100,678
100,678
100,678
100,678
100,690
100,679
100,678
100,682
100,678
100,681
100,680
100,680
100,681
100,681
100,680
100,681
100,682
100,681
100,683
100,682
100,681
100,681
130,539
130,539
130,539
130,539
130,565
130,540
130,540
130,565
130,540
130,539
130,555
130,555
130,555
130,555
130,555
130,555
130,561
130,555
130,555
130,558
130,556
130,556
130,539
130,539
130,539
130,539
130,539
130,539
130,541
130,540
130,539
130,541
130,539
130,539
130,540
130,539
130,539
130,539
130,539
130,539
130,540
130,540
130,540
130,541
130,539
130,541
130,539
130,539
130,539
130,539
130,539
130,539
130,540
130,540
130,562
130,540
130,539
130,565
130,555
130,555
130,555
130,555
130,555
130,555
130,556
130,555
130,580
130,556
130,555
130,580
130,539
130,539
130,539
130,539
130,540
130,539
130,540
130,539
130,565
130,540
130,539
130,552
130,539
130,539
130,539
130,539
130,539
130,539
130,540
130,539
130,542
130,540
130,539
130,541
130,539
130,539
130,539
130,539
130,539
130,539
130,539
130,540
130,541
130,540
130,539
130,541
130,539
130,539
130,540
130,539
130,539
130,540
130,540
130,540
130,541
130,540
130,540
130,540
130,539
130,539
130,539
130,539
130,539
130,539
130,540
130,541
130,540
130,539
130,554
130,540
130,539
130,539
130,539
130,539
130,539
130,539
130,540
130,564
130,540
130,540
130,565
130,540
130,540
130,539
130,539
130,539
130,539
130,539
130,539
130,565
130,540
130,539
130,565
130,540
130,539
130,539
130,539
130,539
130,539
130,539
130,540
130,543
130,539
130,540
130,541
130,540
130,539
130,539
130,539
130,539
130,539
130,539
130,540
130,541
130,540
130,540
130,541
130,540
130,540
130,539
130,539
130,540
130,539
130,539
130,539
130,541
130,540
130,540
130,541
130,540
130,539
130,539
130,539
130,539
130,540
130,539
130,540
130,540
130,540
130,541
130,540
130,540
130,539
130,539
130,539
130,539
130,539
130,539
130,540
130,540
130,539
130,562
130,540
130,540
130,539
130,539
130,539
130,539
130,539
130,539
130,564
130,540
130,539
130,565
130,540
130,539
130,539
130,539
130,539
130,539
130,539
130,539
130,545
130,540
130,540
130,543
130,540
130,540
130,539
130,539
130,539
130,539
130,539
130,539
130,541
130,540
130,540
130,541
130,540
130,540
130,539
130,539
130,539
130,539
130,539
130,539
130,540
130,540
130,540
130,541
130,540
130,540
130,539
130,539
130,539
130,540
130,539
130,540
130,540
130,539
130,541
130,540
130,540
130,540
130,539
130,539
130,539
130,539
130,539
130,561
130,540
130,540
130,563
130,540
130,539
130,539
130,539
130,539
130,539
130,539
130,539
130,564
130,540
130,540
130,565
130,540
130,540
130,540
130,540
130,539
130,539
130,539
130,539
130,545
130,540
130,540
130,544
130,540
130,539
130,540
130,539
130,539
130,539
130,539
130,539
130,541
130,540
130,540
130,541
130,540
130,540
130,539
130,539
130,539
130,539
130,539
130,539
130,540
130,540
130,539
130,540
130,540
130,540
130,540
130,539
130,539
130,539
130,539
130,539
130,540
130,540
130,540
130,540
130,540
130,540
130,539
130,539
130,539
130,539
130,539
130,539
130,540
130,540
130,564
130,540
130,540
130,564
130,539
130,539
130,539
130,539
130,539
130,539
130,540
130,539
130,565
130,540
130,540
130,565
130,556
130,555
130,555
130,555
130,555
130,555
130,556
130,555
130,559
130,556
130,555
130,558
130,539
130,539
130,539
130,539
130,539
130,539
130,540
130,539
130,541
130,540
130,539
130,541
130,539
130,539
130,539
130,539
130,539
130,539
130,539
130,540
130,540
130,540
130,540
130,540
130,539
130,539
130,539
130,539
130,539
130,539
130,540
130,541
130,540
130,540
130,543
130,540
130,539
130,539
130,539
130,539
130,539
130,539
130,540
130,563
130,540
130,539
130,564
130,540
130,539
130,539
130,539
130,539
130,539
130,539
130,539
130,565
130,540
130,540
130,557
130,540
130,539
130,539
130,539
130,539
130,539
130,539
130,539
130,544
130,540
130,540
130,542
130,540
130,539
130,539
130,539
130,539
130,539
130,539
130,540
130,541
130,540
130,540
130,541
130,540
130,539
130,539
130,539
130,539
130,539
130,540
130,539
130,541
130,540
130,540
130,541
130,539
130,539
130,539
130,539
130,539
130,539
130,539
130,541
130,540
130,540
130,540
130,540
130,540
130,539
130,539
130,539
130,539
130,539
130,539
130,564
130,540
130,540
130,565
130,540
130,540
130,539
130,539
130,539
130,539
130,539
130,539
130,555
130,540
130,539
130,547
130,540
130,540
130,539
130,539
130,539
130,539
130,539
130,539
130,541
130,540
130,540
130,541
130,540
130,540
130,539
130,539
130,539
130,539
130,539
130,539
130,541
130,540
130,539
130,540
130,540
130,539
130,539
130,539
130,539
130,539
130,539
130,540
130,540
130,540
130,541
130,540
130,540
130,540
130,539
130,539
130,540
130,539
130,539
130,541
130,540
130,540
130,540
130,540
130,540
130,540
130,539
130,539
130,539
130,539
130,539
130,564
130,540
130,540
130,565
130,540
130,540
130,540
130,539
130,539
130,539
130,539
130,539
130,551
130,540
130,540
130,544
130,540
130,539
130,539
130,539
130,539
130,539
130,539
130,539
130,541
130,540
130,539
130,541
130,539
130,539
130,539
130,539
130,539
130,539
130,539
130,539
130,540
130,540
130,540
130,540
130,540
130,540
130,540
130,539
130,539
130,539
130,539
130,539
130,540
130,540
130,563
130,540
130,540
130,564
130,539
130,539
130,539
130,539
130,539
130,539
130,540
130,539
130,565
130,540
130,539
130,565
130,539
130,539
130,539
130,539
130,539
130,539
130,540
130,539
130,544
130,540
130,540
130,541
130,539
130,540
130,539
130,539
130,539
130,539
130,540
130,540
130,541
130,540
130,540
130,541
130,539
130,539
130,539
130,539
130,540
130,539
130,540
130,539
130,540
130,540
130,541
130,541
130,539
130,539
130,539
130,539
130,539
130,539
130,540
130,541
130,540
130,540
130,553
130,540
130,539
130,539
130,539
130,539
130,539
130,539
130,539
130,561
130,540
130,540
130,564
130,540
130,539
130,539
130,539
130,539
130,539
130,539
130,540
130,565
130,540
130,540
130,552
130,540
130,539
130,539
130,539
130,539
130,539
130,539
130,540
130,545
130,540
130,540
130,543
130,540
130,539
130,539
130,539
130,539
130,539
130,539
130,539
130,541
130,540
130,539
130,541
130,540
130,539
130,539
130,539
130,539
130,539
130,539
130,539
130,540
130,540
130,539
130,540
130,540
130,539
130,539
130,539
130,539
130,539
130,539
130,541
130,540
130,540
130,541
130,540
130,540
130,540
130,539
130,539
130,539
130,539
130,539
130,559
130,540
130,539
130,564
130,540
130,540
130,539
130,539
130,539
130,539
130,539
130,539
130,564
130,540
130,539
130,565
130,540
130,540
130,539
130,539
130,539
130,539
130,539
130,539
130,544
130,540
130,539
130,542
130,540
130,539
130,539
130,539
130,539
130,539
130,539
130,539
130,541
130,540
130,540
130,541
130,540
130,539
130,539
130,539
130,539
130,539
130,539
130,539
130,540
130,540
130,540
130,540
130,540
130,540
130,539
130,539
130,539
130,539
130,539
130,540
130,540
130,540
130,541
130,540
130,539
130,540
130,539
130,539
130,539
130,539
130,539
130,564
130,540
130,540
130,564
130,540
130,540
130,540
130,539
130,539
130,539
130,539
130,540
130,565
130,540
130,540
130,565
130,540
130,540
130,539
130,539
130,539
130,539
130,539
130,539
130,545
130,540
130,540
130,542
130,540
130,540
130,555
130,555
130,555
130,555
130,555
130,555
130,556
130,556
130,555
130,556
130,556
130,555
130,539
130,539
130,539
130,539
130,539
130,539
130,540
130,540
130,540
130,540
130,540
130,540
130,539
130,539
130,539
130,539
130,539
130,539
130,540
130,540
130,541
130,540
130,540
130,549
130,539
130,539
130,539
130,539
130,539
130,539
130,540
130,540
130,564
130,540
130,539
130,564
130,539
130,539
130,539
130,540
130,539
130,539
130,540
130,540
130,565
130,540
130,540
130,566
130,540
130,539
130,539
130,539
130,539
130,539
130,540
130,540
130,546
130,540
130,539
130,543
130,539
130,539
130,539
130,539
130,539
130,539
130,540
130,540
130,541
130,540
130,539
130,541
130,539
130,539
130,539
130,539
130,539
130,539
130,540
130,539
130,540
130,540
130,540
130,541
130,539
130,539
130,539
130,539
130,539
130,539
130,540
130,540
130,540
130,540
130,540
130,540
130,539
130,539
130,540
130,539
130,539
130,539
130,539
130,561
130,540
130,540
130,565
130,540
130,539
130,539
130,539
130,539
130,539
130,539
130,539
130,564
130,540
130,540
130,565
130,540
130,539
130,539
130,539
130,539
130,539
130,539
130,539
130,548
130,540
160,484
160,459
160,458
160,458
160,459
160,458
160,458
160,459
160,459
160,463
160,459
160,459
160,461
160,459
160,458
160,459
160,458
160,458
160,458
160,459
160,459
160,460
160,459
160,459
160,460
160,458
160,459
160,458
160,458
160,458
160,458
160,459
160,456
160,459
160,459
160,468
160,459
160,459
160,459
160,458
160,458
160,458
160,459
160,459
160,483
160,459
160,459
160,483
160,456
160,456
160,456
160,456
160,456
160,456
160,456
160,456
160,459
160,456
160,456
160,457
160,459
160,459
160,458
160,458
160,459
160,459
160,458
160,458
160,459
160,459
160,456
160,459
160,459
160,458
160,458
160,459
160,459
160,459
160,459
160,470
160,459
160,459
160,478
160,459
160,459
160,458
160,458
160,459
160,458
160,458
160,458
160,484
160,459
160,459
160,484
160,459
160,459
160,459
160,459
160,458
160,458
160,458
160,458
160,461
160,459
160,459
160,460
160,459
160,459
160,459
160,459
160,459
160,458
160,458
160,458
160,460
160,459
160,457
160,460
160,459
160,459
160,459
160,458
160,459
160,458
160,458
160,473
160,459
160,459
160,481
160,459
160,459
160,459
160,459
160,459
160,458
160,459
160,459
160,483
160,459
160,459
160,480
160,459
160,459
160,459
160,458
160,458
160,458
160,459
160,458
160,461
160,459
160,459
160,460
160,459
160,459
160,459
160,459
160,458
160,458
160,458
160,458
160,459
160,459
160,458
160,460
160,459
160,457
160,459
160,459
160,458
160,458
160,459
160,458
160,459
160,459
160,463
160,459
160,459
160,480
160,458
160,459
160,458
160,459
160,458
160,459
160,459
160,459
160,484
160,459
160,459
160,467
160,459
160,458
160,459
160,458
160,459
160,459
160,459
160,459
160,460
160,459
160,458
160,460
160,458
160,459
160,459
160,458
160,458
160,459
160,459
160,457
160,459
160,459
160,456
160,459
160,458
160,458
160,459
160,458
160,458
160,458
160,459
160,481
160,459
160,459
160,483
160,459
160,458
160,459
160,459
160,458
160,458
160,458
160,459
160,484
160,459
160,459
160,466
160,459
160,459
160,458
160,459
160,458
160,458
160,459
160,458
160,460
160,459
160,459
160,459
160,459
160,459
160,458
160,458
160,458
160,458
160,459
160,457
160,459
160,459
160,457
160,459
160,459
160,459
160,458
160,459
160,458
160,459
160,458
160,479
160,459
160,459
160,482
160,459
160,459
160,458
160,458
160,459
160,459
160,458
160,458
160,484
160,459
160,459
160,469
160,459
160,459
160,459
160,458
160,459
160,459
160,458
160,459
160,461
160,459
160,459
160,460
160,459
160,459
160,459
160,458
160,458
160,458
160,458
160,459
160,460
160,459
160,458
160,459
160,459
160,459
160,459
160,458
160,459
160,458
160,458
160,456
160,459
160,459
160,457
160,459
160,459
160,459
160,459
160,458
160,459
160,459
160,459
160,482
160,459
160,459
160,483
160,459
160,459
160,459
160,458
160,459
160,458
160,458
160,459
160,464
160,459
160,459
160,461
160,459
160,459
160,459
160,458
160,459
160,458
160,459
160,458
160,460
160,459
160,457
160,459
160,459
160,456
160,459
160,458
160,458
160,459
160,458
160,458
160,459
160,459
160,481
160,459
160,459
160,483
160,459
160,459
160,458
160,458
160,459
160,458
160,459
160,459
160,484
160,459
160,459
160,484
160,459
160,459
160,458
160,459
160,459
160,459
160,459
160,458
160,461
160,459
160,459
160,460
160,459
160,458
160,458
160,459
160,459
160,459
160,459
160,458
160,460
160,459
160,457
160,460
160,459
160,459
160,459
160,458
160,458
160,458
160,459
160,474
160,459
160,459
160,481
160,459
160,459
160,458
160,459
160,458
160,458
160,459
160,459
160,484
160,459
160,459
160,484
160,459
160,458
160,459
160,459
160,459
160,458
160,458
160,459
160,460
160,459
160,459
160,460
160,459
160,459
160,459
160,459
160,459
160,458
160,459
160,458
160,459
160,459
160,456
160,459
160,459
160,458
160,458
160,458
160,458
160,458
160,459
160,476
160,459
160,459
160,481
160,459
160,459
160,459
160,459
160,458
160,458
160,459
160,459
160,484
160,459
160,459
160,484
160,459
160,459
160,458
160,459
160,458
160,458
160,459
160,459
160,461
160,459
160,459
160,460
160,459
160,459
160,459
160,459
160,458
160,458
160,459
160,459
160,459
160,459
160,457
160,459
160,459
160,459
160,459
160,458
160,458
160,459
160,459
160,463
160,459
160,459
160,479
160,459
160,459
160,459
160,459
160,458
160,459
160,458
160,459
160,483
160,459
160,459
160,484
160,459
160,459
160,459
160,458
160,458
160,459
160,458
160,459
160,460
160,459
160,459
160,460
160,459
160,459
160,459
160,459
160,459
160,458
160,459
160,458
160,459
160,459
160,457
160,459
160,459
160,457
160,459
160,458
160,458
160,458
160,459
160,458
160,459
160,459
160,480
160,459
160,458
160,483
160,458
160,459
160,459
160,458
160,459
160,459
160,459
160,459
160,471
160,459
160,459
160,462
160,459
160,459
160,458
160,458
160,459
160,458
160,459
160,459
160,460
160,459
160,457
160,460
160,459
160,459
160,458
160,458
160,459
160,459
160,459
160,456
160,459
160,459
160,478
160,459
160,458
160,458
160,459
160,458
160,458
160,459
160,459
160,483
160,459
160,458
160,484
160,459
160,459
160,459
160,458
160,459
160,459
160,458
160,459
160,462
160,459
160,458
160,460
160,459
160,459
160,459
160,458
160,458
160,458
160,459
160,458
160,459
160,459
160,457
160,460
160,459
160,458
160,458
160,458
160,459
160,459
160,458
160,466
160,459
160,459
160,480
160,459
160,459
160,459
160,458
160,459
160,458
160,458
160,459
160,484
160,459
160,459
160,475
160,459
160,456
160,456
160,456
160,456
160,456
160,456
160,456
160,457
160,456
160,456
160,457
160,456
160,459
160,459
160,459
160,458
160,459
160,458
160,457
160,459
160,459
160,457
160,459
160,459
160,459
160,459
160,458
160,458
160,459
160,458
160,474
160,459
160,459
160,479
160,459
160,459
160,459
160,459
160,459
160,458
160,459
160,459
160,484
160,459
160,459
160,484
160,459
160,459
160,459
160,459
160,459
160,458
160,458
160,459
160,460
160,459
160,459
160,460
160,459
160,458
160,459
160,459
160,459
160,459
160,458
160,458
160,460
160,459
160,457
160,459
160,459
160,457
160,459
160,459
160,458
160,458
160,458
160,459
160,459
160,459
160,476
160,459
160,459
160,481
160,459
160,458
160,458
160,458
160,458
160,459
160,459
160,459
160,484
160,459
160,459
160,465
160,458
160,458
160,459
160,458
160,459
160,458
160,459
160,459
160,460
160,459
160,459
160,460
160,459
160,459
160,459
160,458
160,459
160,458
160,459
160,457
160,460
160,459
160,456
160,459
160,458
160,459
160,459
160,459
160,458
160,458
160,459
160,481
160,459
160,459
160,483
160,459
160,459
160,458
160,459
160,458
160,458
160,458
160,459
160,464
160,459
160,459
160,461
160,459
160,459
160,459
160,459
160,459
160,458
160,458
160,459
160,460
160,459
160,458
160,460
160,459
160,459
160,459
160,458
160,459
160,459
160,458
160,457
160,459
160,459
160,477
160,459
160,459
160,459
160,459
160,458
160,459
160,459
160,459
160,483
160,459
160,459
160,484
160,459
160,456
160,456
160,456
160,456
160,456
160,456
160,456
160,458
160,456
160,456
160,457
160,456
160,459
160,458
160,459
160,459
160,459
160,459
160,459
160,460
160,459
160,457
160,460
160,459
160,459
160,458
160,459
160,458
160,458
160,458
160,475
160,459
160,459
160,479
160,459
160,459
160,459
160,459
160,459
160,459
160,458
160,459
160,484
160,459
160,459
160,472
160,459
160,459
160,458
160,458
160,459
160,459
160,458
160,459
160,460
160,459
160,458
160,460
160,459
160,459
160,459
160,459
160,459
160,459
160,458
160,459
160,459
160,459
160,457
160,459
160,459
160,457
160,458
160,458
160,458
160,459
160,459
160,458
160,459
160,459
160,480
160,459
160,459
160,483
160,456
160,456
160,456
160,456
160,455
160,456
160,456
160,456
160,467
160,456
160,456
160,459
160,459
160,458
160,458
160,458
160,458
160,459
160,459
160,459
160,460
160,459
160,459
160,459
160,459
160,459
160,459
160,458
160,459
160,458
160,459
160,456
160,459
160,459
160,465
160,459
160,459
160,458
160,458
160,459
160,458
160,458
160,459
160,483
160,459
160,459
160,484
160,459
160,459
160,458
160,459
160,459
160,459
160,458
160,459
160,465
160,459
160,458
160,462
160,459
160,459
160,459
160,459
160,458
160,458
160,459
160,458
160,460
160,459
160,459
160,460
160,459
160,459
160,459
160,459
160,458
160,459
160,458
160,456
160,459
190,389
190,384
190,392
190,391
190,391
190,391
190,391
190,391
190,392
190,391
190,407
190,392
190,392
190,411
190,392
190,391
190,392
190,391
190,391
190,391
190,392
190,391
190,415
190,392
190,391
190,415
190,392
190,391
190,391
190,392
190,391
190,392
190,392
190,392
190,407
190,392
190,392
190,395
190,391
190,391
190,391
190,391
190,391
190,391
190,392
190,392
190,393
190,392
190,392
190,393
190,392
190,392
190,392
190,391
190,391
190,392
190,392
190,391
190,392
190,392
190,392
190,393
190,391
190,391
190,391
190,391
190,391
190,391
190,392
190,387
190,392
190,391
190,392
190,392
190,391
190,391
190,391
190,391
190,391
190,391
190,392
190,410
190,392
190,392
190,413
190,392
190,391
190,391
190,391
190,391
190,391
190,391
190,392
190,415
190,392
190,392
190,417
190,392
190,391
190,391
190,391
190,391
190,391
190,391
190,392
190,399
190,392
190,392
190,394
190,392
190,391
190,392
190,391
190,391
190,391
190,391
190,392
190,393
190,392
190,392
190,393
190,392
190,391
190,391
190,391
190,391
190,391
190,391
190,392
190,392
190,392
190,390
190,392
190,392
190,391
190,392
190,391
190,391
190,391
190,391
190,386
190,392
190,392
190,386
190,392
190,392
190,391
190,391
190,392
190,391
190,391
190,391
190,408
190,392
190,391
190,411
190,392
190,391
190,391
190,391
190,391
190,391
190,391
190,391
190,415
190,392
190,391
190,416
190,392
190,391
190,392
190,391
190,391
190,391
190,391
190,391
190,408
190,392
190,392
190,401
190,392
190,391
190,391
190,391
190,391
190,391
190,391
190,391
190,395
190,392
190,392
190,394
190,392
190,392
190,391
190,391
190,391
190,391
190,391
190,391
190,393
190,392
190,391
190,392
190,392
190,392
190,391
190,391
190,391
190,392
190,391
190,390
190,392
190,392
190,392
190,392
190,392
190,392
190,391
190,392
190,391
190,391
190,391
190,387
190,392
190,392
190,387
190,392
190,392
190,391
190,392
190,391
190,391
190,391
190,391
190,405
190,392
190,392
190,411
190,392
190,391
190,392
190,391
190,391
190,391
190,391
190,391
190,415
190,392
190,391
190,415
190,392
190,392
190,391
190,391
190,391
190,391
190,392
190,391
190,406
190,392
190,392
190,400
190,392
190,392
190,389
190,389
190,388
190,389
190,389
190,389
190,390
190,389
190,389
190,390
190,389
190,389
190,389
190,389
190,389
190,389
190,388
190,389
190,389
190,389
190,384
190,389
190,389
190,384
190,389
190,388
190,388
190,388
190,388
190,388
190,389
190,389
190,409
190,390
190,389
190,411
190,388
190,388
190,388
190,389
190,389
190,389
190,389
190,389
190,414
190,389
190,389
190,396
190,389
190,389
190,389
190,389
190,389
190,389
190,389
190,389
190,390
190,389
190,389
190,390
190,392
190,391
190,391
190,391
190,391
190,391
190,392
190,392
190,392
190,392
190,388
190,392
190,391
190,391
190,391
190,391
190,391
190,391
190,392
190,387
190,392
190,392
190,401
190,392
190,391
190,392
190,391
190,391
190,391
190,391
190,392
190,409
190,392
190,391
190,415
190,392
190,391
190,391
190,391
190,391
190,391
190,391
190,391
190,415
190,392
190,392
190,416
190,392
190,391
190,391
190,391
190,392
190,391
190,391
190,391
190,395
190,392
190,392
190,394
190,392
190,391
190,391
190,391
190,391
190,391
190,391
190,391
190,393
190,392
190,392
190,393
190,392
190,391
190,391
190,391
190,391
190,391
190,391
190,391
190,392
190,392
190,390
190,392
190,392
190,391
190,391
190,391
190,391
190,391
190,391
190,387
190,392
190,392
190,387
190,392
190,392
190,392
190,392
190,392
190,391
190,391
190,391
190,406
190,392
190,391
190,411
190,392
190,391
190,392
190,391
190,391
190,392
190,391
190,391
190,415
190,392
190,392
190,417
190,392
190,391
190,391
190,391
190,392
190,391
190,391
190,391
190,417
190,392
190,392
190,406
190,392
190,392
190,391
190,391
190,391
190,391
190,391
190,391
190,393
190,392
190,391
190,393
190,392
190,391
190,391
190,391
190,391
190,391
190,391
190,391
190,392
190,392
190,392
190,392
190,392
190,392
190,391
190,391
190,392
190,391
190,391
190,388
190,392
190,392
190,387
190,392
190,392
190,392
190,392
190,391
190,391
190,391
190,391
190,386
190,392
190,392
190,393
190,392
190,391
190,389
190,389
190,388
190,389
190,389
190,389
190,412
190,389
190,389
190,414
190,389
190,389
190,391
190,392
190,391
190,391
190,391
190,391
190,400
190,392
190,391
190,397
190,392
190,392
190,391
190,391
190,391
190,391
190,391
190,391
190,393
190,392
190,392
190,393
190,392
190,392
190,391
190,391
190,391
190,391
190,391
190,391
190,392
190,392
190,392
190,392
190,392
190,388
190,389
190,389
190,389
190,389
190,388
190,388
190,389
190,389
190,406
190,389
190,389
190,409
190,391
190,392
190,391
190,391
190,391
190,391
190,392
190,392
190,415
190,392
190,391
190,415
190,391
190,391
190,391
190,391
190,391
190,391
190,392
190,391
190,401
190,392
190,392
190,394
190,391
190,391
190,391
190,391
190,391
190,391
190,392
190,391
190,393
190,392
190,392
190,393
190,392
190,391
190,391
190,391
190,391
190,391
190,392
190,392
190,392
190,392
190,388
190,392
190,391
190,391
190,391
190,391
190,391
190,391
190,392
190,387
190,392
190,392
190,396
190,392
190,391
190,391
190,391
190,391
190,391
190,391
190,392
190,407
190,392
190,391
190,411
190,392
190,391
190,391
190,391
190,391
190,391
190,392
190,391
190,417
190,392
190,392
190,400
190,392
190,392
190,391
190,391
190,391
190,391
190,391
190,392
190,393
190,392
190,391
190,393
190,392
190,391
190,391
190,391
190,391
190,392
190,391
190,391
190,393
190,392
190,392
190,393
190,389
190,389
190,389
190,389
190,389
190,389
190,389
190,384
190,389
190,389
190,384
190,389
190,389
190,389
190,389
190,388
190,389
190,388
190,389
190,411
190,389
190,389
190,411
190,389
190,392
190,392
190,391
190,391
190,391
190,392
190,391
190,417
190,392
190,391
190,406
190,392
190,392
190,391
190,391
190,391
190,391
190,391
190,392
190,393
190,392
190,392
190,393
190,392
190,392
190,391
190,391
190,391
190,391
190,391
190,391
190,392
190,392
190,392
190,392
190,392
190,391
190,391
190,391
190,391
190,391
190,391
190,388
190,392
190,392
190,386
190,392
190,392
190,391
190,391
190,391
190,391
190,391
190,391
190,404
190,392
190,391
190,409
190,392
190,392
190,391
190,391
190,391
190,391
190,391
190,391
190,415
190,392
190,392
190,417
190,392
190,392
190,392
190,391
190,392
190,391
190,391
190,391
190,412
190,392
190,391
190,401
190,392
190,391
190,392
190,391
190,391
190,391
190,391
190,391
190,394
190,392
190,391
190,393
190,392
190,391
190,391
190,391
190,392
190,391
190,391
190,391
190,393
190,392
190,392
190,392
190,392
190,392
190,391
190,391
190,391
190,391
190,391
190,391
190,392
190,392
190,387
190,392
190,392
190,387
190,392
190,392
190,391
190,391
190,391
190,391
190,392
190,392
190,406
190,392
190,392
190,411
190,392
190,391
190,391
190,391
190,391
190,391
190,392
190,391
190,415
190,392
190,392
190,417
190,391
190,391
190,391
190,391
190,391
190,391
190,392
190,391
190,402
190,392
190,392
190,396
190,392
190,391
190,391
190,391
190,391
190,391
190,392
190,392
190,393
190,392
190,392
190,393
190,391
190,391
190,391
190,392
190,391
190,391
190,391
190,391
190,393
190,392
190,392
190,393
190,392
190,391
190,391
190,391
190,391
190,391
190,392
190,388
190,392
190,392
190,387
190,392
190,391
190,391
190,392
190,391
190,391
190,391
190,392
190,386
190,392
190,392
190,397
190,392
190,391
190,391
190,391
190,391
190,391
190,391
190,391
190,411
190,392
190,392
190,415
190,389
190,389
190,389
190,389
190,388
190,388
190,388
190,389
190,414
190,389
190,389
190,393
190,389
190,388
190,389
190,388
190,388
190,389
190,389
190,389
190,390
190,389
190,389
190,390
190,392
190,391
190,391
190,391
190,391
190,392
190,391
190,391
190,392
190,392
190,388
190,393
190,389
190,389
190,389
190,389
190,388
190,388
190,389
190,391
190,389
190,389
190,406
190,389
190,392
190,391
190,391
190,391
190,391
190,391
190,391
190,411
190,392
190,392
190,415
190,392
190,392
190,391
190,391
190,391
190,391
190,391
190,391
190,417
190,392
190,391
190,402
190,392
190,391
190,392
190,391
190,391
190,391
190,391
190,391
190,394
190,392
190,391
190,393
190,392
190,391
190,391
190,391
190,391
190,391
190,391
220,331
220,331
220,331
220,324
220,332
220,331
220,343
220,331
220,331
220,331
220,331
220,331
220,331
220,331
220,331
220,355
220,331
220,331
220,355
220,331
220,331
220,324
220,324
220,324
220,324
220,324
220,324
220,326
220,324
220,324
220,325
220,324
220,324
220,324
220,324
220,324
220,324
220,324
220,324
220,325
220,324
220,320
220,324
220,324
220,317
220,324
220,324
220,324
220,324
220,324
220,324
220,324
220,324
220,339
220,324
220,324
220,343
220,324
220,324
220,324
220,324
220,324
220,324
220,324
220,324
220,338
220,324
220,324
220,327
220,324
220,324
220,324
220,324
220,324
220,324
220,324
220,324
220,325
220,324
220,324
220,325
220,324
220,324
220,324
220,324
220,324
220,324
220,324
220,320
220,324
220,324
220,320
220,324
220,324
220,324
220,324
220,324
220,324
220,324
220,324
220,340
220,324
220,324
220,343
220,332
220,331
220,331
220,331
220,331
220,331
220,331
220,331
220,333
220,331
220,331
220,332
220,324
220,324
220,324
220,324
220,324
220,324
220,324
220,320
220,325
220,324
220,320
220,325
220,324
220,324
220,324
220,324
220,324
220,324
220,324
220,318
220,324
220,324
220,339
220,324
220,331
220,331
220,331
220,331
220,331
220,331
220,331
220,338
220,332
220,331
220,333
220,331
220,324
220,324
220,324
220,324
220,324
220,324
220,324
220,325
220,324
220,324
220,325
220,324
220,324
220,324
220,324
220,324
220,324
220,324
220,328
220,324
220,324
220,339
220,324
220,324
220,324
220,324
220,324
220,324
220,324
220,324
220,348
220,324
220,324
220,349
220,324
220,324
220,324
220,324
220,324
220,324
220,324
220,324
220,325
220,324
220,324
220,325
220,324
220,324
220,324
220,324
220,324
220,324
220,324
220,324
220,324
220,324
220,320
220,325
220,324
220,317
220,324
220,324
220,324
220,324
220,324
220,324
220,324
220,324
220,339
220,324
220,324
220,347
220,324
220,324
220,324
220,324
220,324
220,324
220,324
220,324
220,331
220,324
220,324
220,326
220,324
220,324
220,324
220,324
220,324
220,324
220,324
220,324
220,325
220,324
220,324
220,325
220,324
220,324
220,324
220,324
220,324
220,324
220,324
220,320
220,325
220,324
220,327
220,325
220,324
220,324
220,324
220,324
220,324
220,324
220,324
220,341
220,324
220,324
220,347
220,332
220,331
220,331
220,331
220,331
220,331
220,331
220,331
220,332
220,331
220,331
220,332
220,324
220,324
220,324
220,324
220,324
220,324
220,324
220,320
220,325
220,324
220,320
220,324
220,324
220,324
220,324
220,324
220,324
220,324
220,324
220,336
220,324
220,324
220,340
220,324
220,324
220,324
220,324
220,324
220,324
220,324
220,324
220,348
220,324
220,324
220,341
220,324
220,331
220,331
220,331
220,331
220,331
220,331
220,331
220,332
220,331
220,331
220,332
220,331
220,324
220,324
220,324
220,324
220,324
220,324
220,317
220,324
220,324
220,327
220,325
220,324
220,324
220,324
220,324
220,324
220,324
220,324
220,343
220,325
220,324
220,348
220,325
220,324
220,324
220,324
220,324
220,324
220,324
220,324
220,327
220,324
220,324
220,325
220,324
220,324
220,331
220,331
220,331
220,331
220,331
220,331
220,332
220,331
220,324
220,332
220,331
220,336
220,324
220,324
220,324
220,324
220,324
220,324
220,324
220,324
220,347
220,325
220,324
220,348
220,331
220,331
220,331
220,331
220,331
220,331
220,331
220,331
220,333
220,331
220,331
220,332
220,331
220,331
220,331
220,331
220,331
220,331
220,331
220,324
220,332
220,331
220,324
220,324
220,324
220,324
220,324
220,324
220,324
220,324
220,324
220,338
220,324
220,324
220,343
220,324
220,324
220,324
220,324
220,324
220,324
220,324
220,324
220,338
220,324
220,324
220,327
220,324
220,324
220,324
220,324
220,324
220,324
220,324
220,324
220,325
220,324
220,324
220,325
220,324
220,324
220,324
220,324
220,324
220,324
220,324
220,320
220,324
220,324
220,320
220,325
220,324
220,324
220,324
220,324
220,324
220,324
220,324
220,339
220,324
220,324
220,347
220,324
220,324
220,324
220,324
220,324
220,324
220,324
220,324
220,349
220,324
220,324
220,327
220,324
220,324
220,324
220,324
220,324
220,324
220,324
220,324
220,325
220,324
220,324
220,325
220,324
220,331
220,331
220,331
220,331
220,331
220,331
220,324
220,331
220,331
220,346
220,331
220,331
220,331
220,331
220,331
220,331
220,331
220,331
220,335
220,331
220,331
220,333
220,331
220,331
220,324
220,324
220,324
220,324
220,324
220,324
220,325
220,324
220,324
220,325
220,324
220,320
220,331
220,331
220,331
220,331
220,331
220,331
220,331
220,331
220,349
220,331
220,331
220,351
220,331
220,331
220,331
220,331
220,331
220,331
220,331
220,331
220,333
220,332
220,331
220,332
220,331
220,331
220,331
220,331
220,331
220,331
220,331
220,324
220,332
220,331
220,324
220,325
220,324
220,324
220,324
220,324
220,324
220,324
220,324
220,339
220,325
220,324
220,343
220,325
220,324
220,324
220,324
220,324
220,324
220,324
220,324
220,349
220,324
220,324
220,328
220,324
220,324
220,324
220,324
220,324
220,324
220,324
220,324
220,325
220,324
220,324
220,325
220,324
220,324
220,324
220,324
220,324
220,324
220,324
220,320
220,325
220,324
220,320
220,325
220,331
220,331
220,331
220,331
220,331
220,331
220,331
220,347
220,332
220,331
220,351
220,332
220,324
220,324
220,324
220,324
220,324
220,324
220,324
220,336
220,324
220,324
220,329
220,324
220,324
220,324
220,324
220,324
220,324
220,324
220,324
220,325
220,324
220,324
220,325
220,324
220,324
220,324
220,324
220,324
220,324
220,324
220,320
220,325
220,324
220,317
220,324
220,324
220,324
220,324
220,324
220,324
220,324
220,324
220,340
220,324
220,324
220,343
220,324
220,324
220,331
220,331
220,331
220,331
220,331
220,331
220,334
220,332
220,331
220,332
220,331
220,331
220,324
220,324
220,324
220,324
220,324
220,324
220,324
220,324
220,320
220,324
220,324
220,316
220,331
220,331
220,331
220,331
220,331
220,331
220,332
220,331
220,351
220,331
220,331
220,355
220,324
220,324
220,324
220,324
220,324
220,324
220,324
220,324
220,325
220,324
220,324
220,325
220,324
220,324
220,324
220,324
220,324
220,324
220,324
220,324
220,325
220,324
220,320
220,325
220,324
220,324
220,324
220,324
220,324
220,324
220,324
220,316
220,324
220,324
220,339
220,324
220,324
220,324
220,324
220,324
220,324
220,324
220,324
220,348
220,324
220,324
220,345
220,324
220,324
220,324
220,324
220,324
220,324
220,324
220,324
220,325
220,324
220,324
220,325
220,324
220,324
220,324
220,324
220,324
220,324
220,324
220,324
220,324
220,324
220,320
220,325
220,324
220,324
220,324
220,324
220,324
220,324
220,324
220,337
220,324
220,324
220,343
220,324
220,331
220,331
220,331
220,331
220,331
220,331
220,331
220,340
220,331
220,331
220,333
220,331
220,324
220,324
220,324
220,324
220,324
220,324
220,324
220,325
220,324
220,324
220,325
220,324
220,324
220,324
220,324
220,324
220,324
220,324
220,316
220,324
220,324
220,323
220,324
220,324
220,324
220,324
220,324
220,324
220,324
220,324
220,347
220,324
220,324
220,348
220,324
220,324
220,324
220,324
220,324
220,324
220,324
220,324
220,328
220,324
220,324
220,326
220,324
220,324
220,324
220,324
220,324
220,324
220,324
220,324
220,325
220,324
220,324
220,325
220,324
220,320
220,324
220,324
220,324
220,324
220,324
220,324
220,324
220,324
220,324
220,325
220,324
220,337
220,324
220,324
220,324
220,324
220,324
220,324
220,324
220,324
220,347
220,324
220,324
220,348
220,324
220,324
220,324
220,324
220,324
220,324
220,324
220,324
220,326
220,324
220,324
220,325
220,324
220,324
220,324
220,324
220,324
220,324
220,324
220,324
220,325
220,324
220,324
220,325
220,324
220,324
220,324
220,324
220,324
220,324
220,324
220,317
220,325
220,324
220,329
220,325
220,324
220,324
220,324
220,324
220,324
220,324
220,324
220,343
220,324
220,324
220,348
220,324
220,324
220,324
220,324
220,324
220,324
220,324
220,324
220,326
220,324
220,324
220,325
220,324
220,324
220,324
220,324
220,324
220,324
220,324
220,324
220,325
220,324
220,320
220,325
220,324
220,324
220,324
220,324
220,324
220,324
220,324
220,317
220,324
220,324
220,334
220,324
220,324
220,324
220,324
220,324
220,324
220,324
220,324
220,347
220,324
220,324
220,349
220,324
220,331
220,331
220,331
220,331
220,331
220,331
220,331
220,332
220,331
220,331
220,332
220,331
220,324
250,282
250,282
250,282
250,282
250,296
250,283
250,282
250,303
250,282
250,282
250,282
250,282
250,282
250,282
250,282
250,282
250,295
250,282
250,282
250,284
250,282
250,282
250,282
250,282
250,282
250,282
250,282
250,282
250,282
250,282
250,274
250,283
250,282
250,273
250,282
250,282
250,282
250,282
250,282
250,282
250,282
250,282
250,299
250,282
250,282
250,306
250,282
250,282
250,282
250,282
250,282
250,282
250,282
250,282
250,287
250,282
250,282
250,284
250,282
250,282
250,282
250,282
250,282
250,282
250,282
250,282
250,283
250,282
250,280
250,283
250,282
250,282
250,282
250,282
250,282
250,282
250,282
250,292
250,283
250,282
250,299
250,283
250,282
250,282
250,282
250,282
250,282
250,282
250,282
250,289
250,282
250,282
250,284
250,282
250,282
250,282
250,282
250,282
250,282
250,282
250,282
250,282
250,282
250,274
250,282
250,282
250,282
250,282
250,282
250,282
250,282
250,282
250,296
250,282
250,282
250,303
250,282
250,282
250,282
250,282
250,282
250,282
250,282
250,282
250,286
250,283
250,282
250,283
250,282
250,282
250,282
250,282
250,282
250,282
250,282
250,280
250,282
250,282
250,273
250,283
250,282
250,282
250,282
250,282
250,282
250,282
250,282
250,303
250,282
250,282
250,307
250,282
250,282
250,282
250,282
250,282
250,282
250,282
250,282
250,284
250,282
250,282
250,283
250,282
250,282
250,282
250,282
250,282
250,282
250,282
250,282
250,283
250,282
250,273
250,283
250,282
250,272
250,282
250,282
250,282
250,282
250,282
250,282
250,282
250,282
250,299
250,282
250,282
250,303
250,282
250,282
250,282
250,282
250,282
250,282
250,282
250,282
250,284
250,282
250,282
250,283
250,282
250,282
250,282
250,282
250,282
250,282
250,282
250,280
250,283
250,282
250,273
250,283
250,282
250,282
250,282
250,282
250,282
250,282
250,282
250,303
250,282
250,282
250,307
250,282
250,282
250,282
250,282
250,282
250,282
250,282
250,282
250,283
250,282
250,282
250,283
250,282
250,282
250,282
250,282
250,282
250,282
250,282
250,273
250,282
250,282
250,287
250,283
250,282
250,282
250,282
250,282
250,282
250,282
250,282
250,306
250,282
250,282
250,307
250,282
250,282
250,282
250,282
250,282
250,282
250,282
250,282
250,283
250,282
250,282
250,283
250,282
250,282
250,282
250,282
250,282
250,282
250,282
250,273
250,282
250,282
250,272
250,282
250,282
250,282
250,282
250,282
250,282
250,282
250,282
250,303
250,282
250,282
250,307
250,282
250,282
250,282
250,282
250,282
250,282
250,282
250,282
250,284
250,282
250,282
250,283
250,282
250,282
250,282
250,282
250,282
250,282
250,282
250,282
250,283
250,282
250,276
250,283
250,282
250,273
250,282
250,282
250,282
250,282
250,282
250,282
250,282
250,282
250,296
250,282
250,282
250,303
250,282
250,282
250,282
250,282
250,282
250,282
250,282
250,282
250,288
250,282
250,282
250,283
250,282
250,282
250,282
250,282
250,282
250,282
250,282
250,282
250,283
250,282
250,274
250,283
250,282
250,282
250,282
250,282
250,282
250,282
250,282
250,290
250,283
250,282
250,297
250,282
250,282
250,282
250,282
250,282
250,282
250,282
250,282
250,284
250,282
250,282
250,283
250,282
250,282
250,282
250,282
250,282
250,282
250,282
250,274
250,283
250,282
250,273
250,282
250,282
250,282
250,282
250,282
250,282
250,282
250,282
250,297
250,282
250,282
250,307
250,282
250,282
250,282
250,282
250,282
250,282
250,282
250,282
250,285
250,282
250,282
250,283
250,282
250,282
250,282
250,282
250,282
250,282
250,282
250,282
250,283
250,282
250,282
250,283
250,282
250,282
250,282
250,282
250,282
250,282
250,282
250,291
250,282
250,282
250,299
250,282
250,282
250,282
250,282
250,282
250,282
250,282
250,282
250,292
250,282
250,282
250,284
250,282
250,282
250,282
250,282
250,282
250,282
250,282
250,282
250,282
250,282
250,274
250,283
250,282
250,273
250,282
250,282
250,282
250,282
250,282
250,282
250,282
250,282
250,303
250,282
250,282
250,307
250,282
250,282
250,282
250,282
250,282
250,282
250,282
250,282
250,284
250,282
250,282
250,283
250,282
250,282
250,282
250,282
250,282
250,282
250,282
250,274
250,283
250,282
250,273
250,283
250,282
250,282
250,282
250,282
250,282
250,282
250,282
250,297
250,282
250,282
250,303
250,282
250,282
250,282
250,282
250,282
250,282
250,282
250,282
250,287
250,282
250,282
250,283
250,282
250,282
250,282
250,282
250,282
250,282
250,282
250,282
250,283
250,282
250,274
250,283
250,282
250,282
250,282
250,282
250,282
250,282
250,282
250,297
250,282
250,282
250,303
250,282
250,282
250,282
250,282
250,282
250,282
250,282
250,282
250,290
250,282
250,282
250,284
250,282
250,282
250,282
250,282
250,282
250,282
250,282
250,280
250,282
250,282
250,273
250,283
250,282
250,282
250,282
250,282
250,282
250,282
250,282
250,296
250,282
250,282
250,303
250,282
250,282
250,282
250,282
250,282
250,282
250,282
250,282
250,290
250,282
250,282
250,284
250,282
250,282
250,282
250,282
250,282
250,282
250,282
250,282
250,283
250,282
250,273
250,283
250,282
250,282
250,282
250,282
250,282
250,282
250,282
250,282
250,282
250,282
250,307
250,282
250,282
250,288
250,282
250,282
250,282
250,282
250,282
250,282
250,282
250,282
250,283
250,282
250,282
250,283
250,282
250,282
250,282
250,282
250,282
250,282
250,282
250,273
250,283
250,282
250,290
250,282
250,282
250,282
250,282
250,282
250,282
250,282
250,282
250,307
250,282
250,282
250,289
250,282
250,282
250,282
250,282
250,282
250,282
250,282
250,282
250,283
250,282
250,282
250,283
250,282
250,282
250,282
250,282
250,282
250,282
250,282
250,274
250,282
250,282
250,296
250,282
250,282
250,282
250,282
250,282
250,282
250,282
250,282
250,307
250,282
250,282
250,285
250,282
250,282
250,282
250,282
250,282
250,282
250,282
250,282
250,283
250,282
250,280
250,283
250,282
250,282
250,282
250,282
250,282
250,282
250,282
250,294
250,283
250,282
250,297
250,282
250,282
250,282
250,282
250,282
250,282
250,282
250,282
250,300
250,282
250,282
250,285
250,282
250,282
250,282
250,282
250,282
250,282
250,282
250,282
250,283
250,282
250,280
250,283
250,282
250,274
250,282
250,282
250,282
250,282
250,282
250,282
250,282
250,282
250,295
250,282
250,282
250,303
250,282
250,282
250,282
250,282
250,282
250,282
250,282
250,282
250,287
250,282
250,282
250,284
250,282
250,282
250,282
250,282
250,282
250,282
250,282
250,282
250,283
250,282
250,276
250,282
250,282
250,282
250,282
250,282
250,282
250,282
250,282
250,297
250,282
250,282
250,303
250,283
250,282
250,282
250,282
250,282
250,282
250,282
250,282
250,286
250,282
250,282
250,284
250,282
250,282
250,282
250,282
250,282
250,282
250,282
250,280
250,283
250,282
250,273
250,283
250,282
250,282
250,282
250,282
250,282
250,282
250,282
250,296
250,283
250,282
250,303
250,282
250,282
250,282
250,282
250,282
250,282
250,282
250,282
250,291
250,282
250,282
250,284
250,282
250,282
250,282
250,282
250,282
250,282
250,282
250,282
250,283
250,282
250,274
250,282
250,282
250,282
250,282
250,282
250,282
250,282
250,282
250,297
250,282
250,282
250,303
250,282
250,282
250,282
250,282
250,282
250,282
250,282
250,282
250,284
250,282
250,282
250,283
250,282
250,282
250,282
250,282
250,282
250,282
250,282
250,282
250,282
250,282
250,272
250,282
250,282
250,297
250,282
250,282
250,282
250,282
250,282
250,282
250,282
250,282
250,303
250,282
250,282
250,286
250,282
250,282
250,282
250,282
250,282
250,282
250,282
250,282
250,283
250,282
250,282
250,283
250,282
250,282
250,282
250,282
250,282
250,282
250,282
250,273
250,283
250,282
250,285
250,282
250,282
250,282
250,282
250,282
250,282
250,282
250,282
250,303
250,282
250,282
250,307
250,282
250,282
250,282
250,282
250,282
250,282
250,282
250,282
250,283
250,282
250,282
250,283
250,282
250,282
250,282
250,282
250,282
250,282
250,282
250,272
250,282
250,282
250,295
250,282
250,282
250,282
250,282
250,282
250,282
250,282
250,282
250,307
250,282
250,282
250,307
250,282
250,282
250,282
250,282
250,282
250,282
250,282
250,282
250,283
250,282
250,282
250,283
250,282
250,282
250,282
250,282
250,282
250,282
250,282
250,273
250,283
250,282
250,272
250,283
250,282
250,282
250,282
250,282
250,282
250,282
250,282
250,303
250,283
250,282
250,306
250,283
250,282
250,282
280,234
280,234
280,234
280,233
280,233
280,234
280,234
280,234
280,224
280,234
280,234
280,224
280,233
280,233
280,234
280,234
280,233
280,233
280,234
280,234
280,247
280,234
280,234
280,255
280,234
280,234
280,234
280,234
280,233
280,234
280,234
280,234
280,235
280,234
280,234
280,235
280,234
280,233
280,233
280,233
280,233
280,234
280,233
280,232
280,234
280,234
280,224
280,234
280,234
280,234
280,233
280,233
280,234
280,234
280,234
280,247
280,234
280,234
280,255
280,234
280,234
280,233
280,234
280,233
280,233
280,233
280,234
280,243
280,234
280,234
280,236
280,234
280,234
280,233
280,234
280,234
280,233
280,234
280,234
280,234
280,234
280,234
280,234
280,234
280,233
280,233
280,234
280,233
280,233
280,233
280,222
280,234
280,234
280,243
280,234
280,237
280,237
280,237
280,237
280,237
280,237
280,237
280,255
280,237
280,237
280,241
280,237
280,234
280,233
280,234
280,234
280,233
280,233
280,234
280,234
280,234
280,232
280,234
280,234
280,237
280,237
280,237
280,237
280,237
280,237
280,230
280,237
280,237
280,249
280,237
280,237
280,234
280,233
280,234
280,233
280,233
280,233
280,255
280,234
280,233
280,240
280,234
280,234
280,234
280,233
280,233
280,234
280,233
280,233
280,235
280,234
280,234
280,235
280,234
280,234
280,234
280,233
280,234
280,234
280,233
280,233
280,234
280,234
280,237
280,234
280,234
280,246
280,233
280,234
280,233
280,233
280,234
280,233
280,234
280,234
280,255
280,234
280,234
280,239
280,234
280,234
280,233
280,234
280,234
280,233
280,234
280,233
280,234
280,234
280,234
280,234
280,237
280,237
280,237
280,237
280,237
280,236
280,237
280,226
280,237
280,237
280,249
280,234
280,234
280,234
280,233
280,233
280,233
280,233
280,234
280,255
280,234
280,234
280,255
280,234
280,234
280,233
280,234
280,233
280,233
280,234
280,233
280,235
280,234
280,234
280,234
280,234
280,233
280,234
280,234
280,234
280,233
280,233
280,224
280,234
280,234
280,224
280,234
280,234
280,233
280,234
280,233
280,233
280,234
280,233
280,247
280,234
280,234
280,247
280,234
280,233
280,233
280,233
280,233
280,233
280,233
280,233
280,255
280,234
280,234
280,239
280,234
280,234
280,233
280,234
280,234
280,234
280,234
280,233
280,234
280,234
280,232
280,234
280,234
280,233
280,233
280,233
280,233
280,234
280,233
280,243
280,234
280,234
280,247
280,234
280,234
280,233
280,233
280,234
280,234
280,233
280,233
280,259
280,234
280,234
280,237
280,234
280,234
280,233
280,233
280,234
280,234
280,234
280,234
280,234
280,234
280,233
280,234
280,234
280,224
280,234
280,234
280,234
280,234
280,233
280,234
280,234
280,234
280,247
280,234
280,234
280,255
280,233
280,234
280,233
280,233
280,233
280,234
280,234
280,234
280,237
280,234
280,234
280,235
280,234
280,234
280,233
280,233
280,234
280,233
280,233
280,232
280,234
280,234
280,224
280,234
280,234
280,233
280,234
280,233
280,234
280,233
280,234
280,244
280,234
280,233
280,255
280,234
280,233
280,233
280,233
280,233
280,233
280,233
280,234
280,248
280,234
280,234
280,235
280,234
280,234
280,233
280,234
280,233
280,234
280,234
280,234
280,234
280,234
280,224
280,234
280,234
280,234
280,233
280,234
280,233
280,233
280,233
280,245
280,234
280,234
280,251
280,234
280,234
280,234
280,233
280,234
280,233
280,234
280,234
280,240
280,234
280,233
280,236
280,234
280,234
280,233
280,234
280,233
280,233
280,234
280,234
280,234
280,234
280,232
280,234
280,234
280,234
280,233
280,234
280,233
280,233
280,234
280,240
280,234
280,234
280,247
280,234
280,234
280,234
280,234
280,233
280,233
280,234
280,233
280,255
280,234
280,234
280,236
280,234
280,234
280,233
280,234
280,234
280,233
280,234
280,233
280,234
280,234
280,232
280,234
280,234
280,224
280,234
280,233
280,233
280,234
280,233
280,233
280,234
280,233
280,246
280,234
280,234
280,255
280,233
280,234
280,233
280,234
280,233
280,233
280,234
280,234
280,235
280,234
280,234
280,234
280,234
280,233
280,234
280,233
280,234
280,233
280,234
280,232
280,234
280,234
280,224
280,234
280,234
280,233
280,233
280,233
280,234
280,233
280,234
280,247
280,234
280,234
280,255
280,234
280,234
280,234
280,233
280,234
280,233
280,234
280,234
280,241
280,234
280,233
280,235
280,234
280,234
280,233
280,233
280,234
280,233
280,234
280,233
280,234
280,234
280,224
280,234
280,234
280,233
280,234
280,233
280,233
280,234
280,233
280,243
280,234
280,234
280,247
280,234
280,234
280,233
280,233
280,234
280,233
280,233
280,233
280,245
280,234
280,234
280,236
280,234
280,234
280,233
280,234
280,234
280,233
280,233
280,233
280,234
280,234
280,232
280,234
280,234
280,234
280,233
280,233
280,233
280,233
280,233
280,242
280,234
280,234
280,247
280,234
280,234
280,234
280,233
280,234
280,233
280,234
280,233
280,248
280,234
280,234
280,236
280,234
280,234
280,237
280,237
280,237
280,237
280,237
280,237
280,237
280,237
280,236
280,237
280,237
280,226
280,234
280,233
280,234
280,234
280,234
280,233
280,234
280,233
280,247
280,234
280,234
280,255
280,234
280,234
280,233
280,234
280,233
280,234
280,234
280,233
280,235
280,234
280,234
280,235
280,233
280,233
280,234
280,233
280,233
280,233
280,234
280,224
280,234
280,234
280,224
280,234
280,233
280,233
280,233
280,233
280,233
280,234
280,234
280,247
280,234
280,234
280,255
280,234
280,234
280,233
280,234
280,233
280,234
280,233
280,233
280,235
280,234
280,234
280,234
280,234
280,234
280,234
280,234
280,234
280,233
280,233
280,232
280,234
280,233
280,224
280,234
280,234
280,234
280,234
280,233
280,233
280,233
280,233
280,247
280,234
280,234
280,255
280,234
280,237
280,237
280,237
280,237
280,237
280,237
280,237
280,246
280,237
280,237
280,240
280,237
280,234
280,233
280,233
280,233
280,233
280,234
280,233
280,235
280,234
280,234
280,235
280,234
280,234
280,233
280,234
280,234
280,233
280,233
280,224
280,234
280,234
280,222
280,234
280,234
280,233
280,234
280,234
280,234
280,234
280,233
280,247
280,234
280,234
280,255
280,234
280,234
280,234
280,234
280,233
280,234
280,234
280,233
280,236
280,234
280,234
280,235
280,234
280,234
280,233
280,234
280,234
280,233
280,234
280,233
280,234
280,234
280,224
280,234
280,234
280,227
280,234
280,234
280,234
280,234
280,233
280,233
280,234
280,234
280,255
280,234
280,234
280,255
280,233
280,233
280,233
280,234
280,233
280,233
280,234
280,233
280,234
280,234
280,234
280,234
280,234
280,234
280,233
280,234
280,233
280,233
280,234
280,224
280,234
280,234
280,224
280,234
280,234
280,234
280,233
280,233
280,233
280,234
280,234
280,247
280,234
280,233
280,255
280,234
280,234
280,233
280,233
280,233
280,233
280,234
280,234
280,235
280,234
280,234
280,235
280,234
280,233
280,234
280,233
280,233
280,233
280,234
280,224
280,234
280,234
280,224
280,234
280,234
280,233
280,234
280,234
280,234
280,234
280,233
280,247
280,234
280,234
280,255
280,234
280,234
280,234
280,234
280,233
280,234
280,233
280,233
280,238
280,234
280,234
280,235
280,234
280,234
280,233
280,234
280,234
280,233
280,234
280,234
280,234
280,234
280,224
280,234
280,234
280,234
280,234
280,234
280,233
280,233
280,234
280,244
280,234
280,234
280,247
280,234
280,233
280,234
280,233
280,233
280,234
280,233
280,233
280,255
280,234
280,234
280,238
280,234
280,234
280,234
280,234
280,234
280,233
280,233
280,233
280,234
280,234
280,234
280,234
280,234
280,232
280,233
280,234
280,234
280,234
280,234
280,234
280,234
280,234
280,243
280,234
280,234
280,247
280,234
280,233
280,234
280,234
280,233
280,234
280,234
280,234
280,255
280,234
280,234
280,255
280,237
280,237
280,237
280,237
280,237
280,237
280,237
280,237
280,238
280,237
280,237
280,238
280,234
280,233
280,233
280,234
280,233
280,233
280,234
280,224
280,234
280,234
280,222
280,234
280,234
280,234
280,234
280,233
280,234
280,233
280,233
280,255
280,234
280,234
280,255
280,234
280,234
280,233
280,233
280,233
280,234
280,233
280,233
280,235
280,234
280,234
280,234
280,234
280,233
280,234
280,233
280,234
280,234
280,233
280,224
280,234
280,234
280,229
280,234
280,234
280,233
280,233
280,233
280,233
280,233
280,233
280,247
280,234
280,234
280,255
280,234
280,234
280,234
280,234
280,233
280,234
280,233
280,233
280,235
280,234
280,234
280,234
310,194
310,197
310,197
310,197
310,197
310,197
310,197
310,196
310,215
310,197
310,197
310,221
310,197
310,193
310,193
310,193
310,193
310,193
310,193
310,193
310,197
310,194
310,193
310,195
310,193
310,193
310,193
310,193
310,193
310,193
310,193
310,193
310,194
310,193
310,192
310,194
310,193
310,193
310,193
310,193
310,193
310,193
310,193
310,200
310,194
310,193
310,207
310,194
310,193
310,193
310,193
310,193
310,193
310,193
310,193
310,217
310,193
310,193
310,207
310,194
310,193
310,193
310,193
310,193
310,193
310,193
310,193
310,194
310,193
310,193
310,194
310,193
310,192
310,197
310,197
310,197
310,197
310,197
310,197
310,197
310,197
310,184
310,197
310,197
310,205
310,193
310,193
310,193
310,193
310,193
310,193
310,194
310,193
310,207
310,194
310,193
310,215
310,193
310,193
310,193
310,193
310,193
310,193
310,193
310,193
310,198
310,193
310,193
310,194
310,193
310,193
310,193
310,193
310,193
310,193
310,193
310,193
310,194
310,193
310,192
310,194
310,193
310,193
310,193
310,193
310,193
310,193
310,193
310,192
310,194
310,193
310,180
310,197
310,197
310,197
310,197
310,197
310,197
310,197
310,197
310,209
310,197
310,197
310,215
310,197
310,197
310,196
310,197
310,197
310,196
310,197
310,197
310,221
310,197
310,197
310,203
310,193
310,193
310,193
310,193
310,193
310,193
310,193
310,193
310,194
310,193
310,193
310,194
310,194
310,193
310,193
310,193
310,193
310,193
310,193
310,192
310,194
310,193
310,181
310,194
310,193
310,193
310,193
310,193
310,193
310,193
310,193
310,204
310,194
310,193
310,207
310,193
310,193
310,193
310,193
310,193
310,193
310,193
310,193
310,197
310,193
310,193
310,196
310,194
310,193
310,193
310,193
310,193
310,193
310,193
310,193
310,194
310,194
310,193
310,194
310,193
310,193
310,193
310,193
310,193
310,193
310,193
310,192
310,194
310,193
310,192
310,194
310,194
310,193
310,193
310,193
310,193
310,193
310,193
310,203
310,194
310,193
310,205
310,194
310,193
310,193
310,193
310,193
310,193
310,193
310,193
310,217
310,193
310,193
310,218
310,193
310,194
310,193
310,193
310,193
310,193
310,193
310,193
310,194
310,193
310,193
310,194
310,194
310,193
310,193
310,193
310,193
310,193
310,193
310,193
310,194
310,193
310,192
310,194
310,193
310,181
310,197
310,197
310,197
310,197
310,197
310,196
310,197
310,197
310,200
310,197
310,197
310,209
310,193
310,193
310,193
310,193
310,193
310,193
310,193
310,193
310,217
310,193
310,193
310,218
310,193
310,193
310,193
310,193
310,193
310,193
310,193
310,193
310,195
310,194
310,193
310,194
310,193
310,193
310,193
310,193
310,193
310,193
310,193
310,193
310,194
310,194
310,192
310,194
310,193
310,193
310,193
310,193
310,193
310,193
310,193
310,181
310,194
310,193
310,195
310,194
310,193
310,193
310,193
310,193
310,193
310,193
310,193
310,207
310,193
310,193
310,207
310,197
310,197
310,197
310,197
310,196
310,197
310,197
310,197
310,221
310,197
310,197
310,216
310,194
310,193
310,193
310,193
310,193
310,193
310,193
310,193
310,195
310,193
310,194
310,194
310,193
310,193
310,193
310,193
310,193
310,193
310,193
310,193
310,194
310,193
310,192
310,194
310,193
310,193
310,193
310,193
310,193
310,193
310,193
310,181
310,194
310,193
310,199
310,194
310,194
310,193
310,193
310,193
310,193
310,193
310,193
310,217
310,194
310,193
310,218
310,193
310,197
310,196
310,197
310,197
310,196
310,197
310,197
310,198
310,197
310,197
310,198
310,197
310,193
310,193
310,193
310,193
310,193
310,193
310,193
310,194
310,194
310,192
310,194
310,193
310,193
310,193
310,193
310,193
310,193
310,193
310,180
310,194
310,193
310,194
310,194
310,193
310,193
310,193
310,193
310,193
310,193
310,193
310,207
310,193
310,194
310,217
310,193
310,193
310,193
310,193
310,193
310,193
310,193
310,193
310,195
310,193
310,193
310,195
310,193
310,193
310,193
310,193
310,193
310,193
310,193
310,193
310,194
310,193
310,192
310,194
310,193
310,181
310,194
310,193
310,193
310,193
310,193
310,193
310,193
310,193
310,203
310,194
310,193
310,207
310,197
310,197
310,197
310,197
310,197
310,197
310,197
310,197
310,221
310,197
310,197
310,205
310,197
310,197
310,197
310,196
310,196
310,197
310,197
310,197
310,198
310,197
310,197
310,198
310,193
310,193
310,193
310,193
310,193
310,193
310,193
310,192
310,194
310,193
310,192
310,194
310,193
310,193
310,193
310,193
310,193
310,193
310,193
310,196
310,194
310,193
310,203
310,194
310,193
310,193
310,193
310,193
310,194
310,193
310,193
310,207
310,193
310,194
310,217
310,194
310,193
310,193
310,193
310,193
310,193
310,193
310,193
310,197
310,193
310,193
310,195
310,194
310,194
310,193
310,193
310,193
310,193
310,193
310,193
310,194
310,193
310,193
310,194
310,197
310,197
310,197
310,197
310,197
310,197
310,197
310,192
310,197
310,197
310,184
310,197
310,193
310,193
310,193
310,193
310,193
310,193
310,193
310,203
310,194
310,193
310,205
310,194
310,193
310,193
310,193
310,193
310,193
310,193
310,193
310,218
310,193
310,193
310,198
310,193
310,197
310,197
310,197
310,197
310,197
310,197
310,197
310,198
310,197
310,197
310,197
310,197
310,197
310,197
310,197
310,197
310,197
310,197
310,192
310,197
310,197
310,184
310,197
310,197
310,193
310,193
310,193
310,193
310,193
310,193
310,202
310,194
310,193
310,207
310,194
310,193
310,194
310,193
310,193
310,193
310,193
310,193
310,217
310,194
310,193
310,201
310,193
310,193
310,193
310,193
310,193
310,193
310,193
310,193
310,195
310,193
310,193
310,194
310,193
310,193
310,193
310,193
310,193
310,193
310,193
310,193
310,194
310,194
310,192
310,194
310,193
310,192
310,193
310,193
310,193
310,193
310,193
310,193
310,193
310,193
310,194
310,194
310,194
310,204
310,193
310,193
310,193
310,193
310,193
310,193
310,193
310,194
310,207
310,193
310,193
310,218
310,197
310,196
310,197
310,197
310,197
310,197
310,197
310,197
310,201
310,197
310,197
310,199
310,193
310,193
310,193
310,193
310,193
310,193
310,193
310,193
310,194
310,193
310,192
310,194
310,194
310,193
310,193
310,193
310,193
310,193
310,193
310,181
310,194
310,193
310,204
310,194
310,193
310,193
310,193
310,193
310,193
310,193
310,193
310,207
310,194
310,193
310,217
310,193
310,193
310,193
310,193
310,193
310,193
310,193
310,193
310,195
310,193
310,193
310,194
310,197
310,197
310,197
310,197
310,197
310,197
310,197
310,197
310,197
310,197
310,196
310,197
310,193
310,193
310,193
310,193
310,193
310,193
310,193
310,198
310,194
310,193
310,204
310,194
310,197
310,197
310,197
310,197
310,197
310,196
310,197
310,219
310,197
310,197
310,221
310,197
310,197
310,197
310,197
310,197
310,196
310,197
310,197
310,198
310,197
310,197
310,198
310,197
310,193
310,193
310,193
310,193
310,193
310,193
310,192
310,194
310,193
310,181
310,194
310,194
310,193
310,193
310,193
310,193
310,193
310,193
310,198
310,194
310,193
310,204
310,194
310,193
310,193
310,193
310,193
310,193
310,193
310,193
310,215
310,194
310,193
310,218
310,193
310,193
310,193
310,193
310,193
310,193
310,193
310,193
310,195
310,193
310,193
310,194
310,193
310,193
310,194
310,193
310,193
310,193
310,193
310,193
310,194
310,193
310,192
310,194
310,194
310,192
310,197
310,197
310,197
310,197
310,197
310,197
310,197
310,197
310,190
310,197
310,197
310,206
310,193
310,193
310,193
310,193
310,193
310,193
310,193
310,194
310,215
310,194
310,193
310,218
310,197
310,197
310,197
310,196
310,196
310,197
310,197
310,197
310,198
310,197
310,197
310,198
310,193
310,193
310,193
310,193
310,193
310,193
310,193
310,193
310,194
310,193
310,192
310,194
310,193
310,193
310,193
310,193
310,193
310,193
310,194
310,180
310,194
310,193
310,201
310,197
310,197
310,197
310,197
310,197
310,197
310,197
310,197
310,219
310,197
310,197
310,221
310,194
310,193
310,193
310,193
310,193
310,193
310,193
310,193
310,203
310,194
310,193
310,195
310,194
310,193
310,193
310,193
310,193
310,193
310,193
310,193
310,194
310,194
310,192
310,194
310,193
310,193
310,193
310,193
310,193
310,193
310,193
310,181
310,194
310,193
310,199
310,194
310,194
310,193
310,193
310,193
310,193
310,193
310,193
310,207
310,193
310,193
310,218
310,194
310,193
310,193
310,193
310,193
310,193
310,193
310,193
310,195
