Angle,Distance
0,19.54
0,19.54
0,19.54
0,19.54
0,19.62
0,19.54
0,19.54
0,19.54
0,19.54
0,19.86
0,18.02
0,19.54
0,19.62
0,19.47
0,19.47
0,19.54
0,19.54
0,19.54
0,19.54
0,19.86
0,19.86
0,19.86
0,19.86
0,19.54
0,19.54
0,19.7
0,19.86
0,19.86
0,19.86
0,19.7
0,19.78
0,19.86
0,19.86
0,19.78
0,19.78
0,19.86
0,19.86
0,19.86
0,19.86
0,19.86
0,19.86
0,19.86
0,19.54
0,19.62
0,17.82
0,19.09
0,19.54
0,19.54
0,19.54
0,19.54
0,19.86
0,19.86
0,19.86
0,19.78
0,19.86
0,19.86
0,19.86
0,19.86
0,19.54
0,19.54
0,18.16
0,17.75
0,19.86
0,19.86
0,19.78
0,19.78
0,19.54
0,19.54
0,19.54
0,19.54
0,19.86
0,19.86
0,19.86
0,19.86
0,19.54
0,19.54
0,19.86
0,18.02
0,19.54
0,19.54
0,19.47
0,19.47
0,19.86
0,19.86
0,19.86
0,19.86
0,19.86
0,19.86
0,19.86
0,19.86
0,19.86
0,19.86
0,20.18
0,18.37
0,19.54
0,19.54
0,19.47
0,19.47
0,19.86
0,19.86
0,19.86
0,19.78
0,19.86
0,19.86
0,19.86
0,19.86
0,19.86
0,19.86
0,20.18
0,19.54
0,19.54
0,18.58
0,19.47
0,19.54
0,19.54
0,19.47
0,19.54
0,19.54
0,19.54
0,19.54
0,19.54
0,19.86
0,19.86
0,19.86
0,19.86
0,19.54
0,19.54
0,17.75
0,19.39
0,19.86
0,19.86
0,19.78
0,19.78
0,19.54
0,19.54
0,19.54
0,19.54
0,19.54
0,19.54
0,19.54
0,19.54
0,19.86
0,19.86
0,18.09
0,18.72
0,19.86
0,19.86
0,19.78
0,19.78
0,19.86
0,19.86
0,19.78
0,19.86
0,19.86
0,19.86
0,19.86
0,19.86
0,19.86
0,19.86
0,18.44
0,18.02
0,19.54
0,19.54
0,19.54
0,19.54
0,19.54
0,19.54
0,19.54
0,19.78
0,19.86
0,19.86
0,19.86
0,19.54
0,19.54
0,19.7
0,19.94
0,19.54
0,19.54
0,19.39
0,19.47
0,19.54
0,19.54
0,19.54
0,19.54
0,19.54
0,19.54
0,19.54
0,19.54
0,19.86
0,19.86
0,19.86
0,20.18
0,19.86
0,19.86
0,19.47
0,19.7
0,19.54
0,19.54
0,19.47
0,19.54
0,19.54
0,19.54
0,19.54
0,19.54
0,19.86
0,19.86
0,19.86
0,20.18
0,19.86
0,19.86
0,18.02
0,19.7
0,19.54
0,19.54
0,19.54
0,19.47
0,19.86
0,19.86
0,19.86
0,19.86
0,19.54
0,19.54
0,19.54
0,19.54
0,19.54
0,19.54
0,17.82
0,19.16
0,19.54
0,19.54
0,19.47
0,19.78
0,19.86
0,19.86
0,19.86
0,19.86
0,19.86
0,19.86
0,19.86
0,19.54
0,19.54
0,19.16
0,18.02
0,19.54
0,19.54
0,19.47
0,19.54
0,19.54
0,19.54
0,19.54
0,19.54
0,19.54
0,19.54
0,19.54
0,19.54
0,19.86
0,19.86
0,20.18
0,18.65
0,19.54
0,19.54
0,19.47
0,19.47
0,19.86
0,19.86
0,19.86
0,19.78
0,19.54
0,19.54
0,19.54
0,19.54
0,19.86
0,19.86
0,19.86
0,20.18
0,19.54
0,19.54
0,19.24
0,19.47
0,19.54
0,19.54
0,19.54
0,19.54
0,19.86
0,19.86
0,19.78
0,19.86
0,19.54
0,19.54
0,19.54
0,19.86
0,19.86
0,19.86
0,19.31
0,19.78
0,19.54
0,19.54
0,19.54
0,19.78
0,19.86
0,19.86
0,19.86
0,19.54
0,19.54
0,19.54
0,19.54
0,19.86
0,19.86
0,18.09
0,17.82
0,19.54
0,19.54
0,19.47
0,19.47
0,19.78
0,19.86
0,19.78
0,19.78
0,19.54
0,19.54
0,19.54
0,19.54
0,19.54
0,19.54
0,19.94
0,18.02
0,19.54
0,19.54
0,19.47
0,19.54
0,19.86
0,19.86
0,19.78
0,19.78
0,19.86
0,19.86
0,19.86
0,19.86
0,19.86
0,19.86
0,20.18
0,18.3
0,19.86
0,19.86
0,19.78
0,19.78
0,19.86
0,19.86
0,19.78
0,19.86
0,19.86
0,19.86
0,19.86
0,19.86
0,19.86
0,19.86
0,20.02
0,20.18
0,19.54
0,19.54
0,19.39
0,19.47
0,19.54
0,19.54
0,19.54
0,19.78
0,19.86
0,19.86
0,19.86
0,19.54
0,19.54
0,19.54
0,19.54
0,19.54
0,19.54
0,17.82
0,19.24
0,19.86
0,19.86
0,19.78
0,19.78
0,19.54
0,19.54
0,19.54
0,19.54
0,19.86
0,19.86
0,19.86
0,19.86
0,19.86
0,19.86
0,18.3
0,18.02
0,19.54
0,19.54
0,19.47
0,19.54
0,19.86
0,19.86
0,19.78
0,19.86
0,19.86
0,19.86
0,19.86
0,19.86
0,19.54
0,19.54
0,18.23
0,17.82
0,19.86
0,19.86
0,19.78
0,19.78
0,19.86
0,19.86
0,19.86
0,19.78
0,19.54
0,19.54
0,19.54
0,19.54
0,19.54
0,19.54
0,19.86
0,18.16
0,19.86
0,19.86
0,19.78
0,19.78
0,19.86
0,19.86
0,19.78
0,19.54
0,19.54
0,19.54
0,19.54
0,19.86
0,19.86
0,19.86
0,20.02
0,19.86
0,19.86
0,18.02
0,19.7
0,19.54
0,19.54
0,19.47
0,19.54
0,19.54
0,19.54
0,19.54
0,19.54
0,19.54
0,19.54
0,19.54
0,19.54
0,19.54
0,19.54
0,17.82
0,19.16
0,19.86
0,19.86
0,19.78
0,19.78
0,19.54
0,19.54
0,19.54
0,19.54
0,19.86
0,19.86
0,19.86
0,19.86
0,19.86
0,19.86
0,18.3
0,18.02
0,19.54
0,19.54
0,19.47
0,19.54
0,19.54
0,19.54
0,19.54
0,19.54
0,19.54
0,19.54
0,19.54
0,19.54
0,19.86
0,19.86
0,18.72
0,18.02
0,19.54
0,19.54
0,19.47
0,19.54
0,19.86
0,19.86
0,19.78
0,19.54
0,19.54
0,19.54
0,19.54
0,19.86
0,19.86
0,19.86
0,20.18
0,19.86
0,19.86
0,19.7
0,19.78
0,19.86
0,19.86
0,19.78
0,19.78
0,19.86
0,19.86
0,19.86
0,19.86
0,19.86
0,19.86
0,19.86
0,20.18
0,19.86
0,19.86
0,19.47
0,19.78
0,19.54
0,19.54
0,19.54
0,19.54
0,19.54
0,19.54
0,19.54
0,19.54
0,19.86
0,19.86
0,19.86
0,20.02
0,19.86
0,19.86
0,18.02
0,19.62
0,19.86
0,19.86
0,19.78
0,19.78
0,19.86
0,19.86
0,19.86
0,19.86
0,19.86
0,19.86
0,19.86
0,19.86
0,19.86
0,19.86
0,18.02
0,18.58
0,19.86
0,19.86
0,19.78
0,19.54
0,19.54
0,19.62
0,19.54
0,19.86
0,19.86
0,19.86
0,19.86
0,19.86
0,19.86
0,20.18
0,18.58
0,19.86
0,19.86
0,19.78
0,19.78
0,19.86
0,19.86
0,19.86
0,19.86
0,19.86
0,19.86
0,19.86
0,19.86
0,19.86
0,19.86
0,20.02
0,20.18
0,19.54
0,19.54
0,19.39
0,19.47
0,19.86
0,19.86
0,19.78
0,19.78
0,19.86
0,19.86
0,19.86
0,19.86
0,19.86
0,19.86
0,19.86
0,20.18
0,19.54
0,19.54
0,18.51
0,19.39
0,19.54
0,19.54
0,19.54
0,19.54
0,19.86
0,19.86
0,19.86
0,19.86
0,19.86
0,19.86
0,19.86
0,19.86
0,19.86
0,19.86
0,18.02
0,19.39
0,19.54
0,19.54
0,19.54
0,19.54
0,19.62
0,19.54
0,19.54
0,19.86
0,19.86
0,19.86
0,19.86
0,19.86
0,19.86
0,20.18
0,18.3
0,19.54
0,19.54
0,19.47
0,19.47
0,19.86
0,19.86
0,19.78
0,19.78
0,19.86
0,19.86
0,19.86
0,19.86
0,19.86
0,19.86
0,20.02
0,19.47
0,19.86
0,19.86
0,19.7
0,19.78
0,19.86
0,19.86
0,19.78
0,19.78
0,19.86
0,19.86
0,19.86
0,19.86
0,19.86
0,19.86
0,19.86
0,20.18
0,19.86
0,19.86
0,19.7
0,19.78
0,19.54
0,19.54
0,19.54
0,19.54
0,19.54
0,19.54
0,19.54
0,19.54
0,19.54
0,19.54
0,19.54
0,19.86
0,19.86
0,19.86
0,19.31
0,19.7
0,19.86
0,19.86
0,19.78
0,19.54
0,19.54
0,19.62
0,19.54
0,19.86
0,19.86
0,19.86
0,19.86
0,19.86
0,19.86
0,18.3
0,18.02
0,19.86
0,19.86
0,19.78
0,19.78
0,19.86
0,19.86
0,19.86
0,19.78
0,19.86
0,19.86
0,19.86
0,19.78
0,19.54
0,19.54
0,19.31
0,17.82
0,19.86
0,19.86
0,19.78
0,19.78
0,19.86
0,19.86
0,19.78
0,19.86
0,19.54
0,19.54
0,19.54
0,19.54
0,19.86
0,19.86
0,20.18
0,18.44
0,19.54
0,19.54
0,19.47
0,19.47
0,19.86
0,19.86
0,19.86
0,19.86
0,19.86
0,19.86
0,19.78
0,19.86
0,19.54
0,19.54
0,19.86
0,18.44
0,19.54
0,19.54
0,19.47
0,19.47
0,19.54
0,19.54
0,19.54
0,19.54
0,19.62
0,19.54
0,19.54
0,19.54
0,19.54
0,19.62
0,19.7
0,19.86
0,19.86
0,18.94
0,19.7
0,19.86
0,19.86
0,19.78
0,19.86
0,19.86
0,19.86
0,19.78
0,19.86
0,19.54
0,19.54
0,19.54
0,19.7
0,19.54
0,19.54
0,17.75
0,19.31
0,19.54
0,19.54
0,19.47
0,19.54
0,19.86
0,19.86
0,19.78
0,19.86
0,19.86
0,19.86
0,19.86
0,19.86
0,19.54
0,19.54
0,17.82
0,19.09
0,19.54
0,19.54
0,19.47
0,19.54
0,19.54
0,19.54
0,19.54
0,19.54
0,19.86
0,19.86
0,19.86
0,19.86
0,19.54
0,19.54
0,18.02
0,17.75
0,19.54
0,19.54
0,19.54
0,19.54
0,19.86
0,19.86
0,19.86
0,19.54
0,19.54
0,19.54
0,19.54
0,19.86
0,19.86
0,20.18
0,18.58
0,19.78
0,19.86
0,19.7
0,19.78
0,19.86
0,19.86
0,19.78
0,19.78
0,19.86
0,19.86
0,19.86
0,19.86
0,19.54
0,19.54
0,19.54
0,19.86
0,19.86
0,19.86
0,19.47
0,19.78
0,19.54
0,19.54
0,19.47
0,19.54
0,19.86
0,19.86
0,19.86
0,19.86
0,19.54
0,19.54
0,19.54
0,19.7
0,19.86
0,19.86
0,18.3
0,19.7
0,19.54
0,19.54
0,19.47
0,19.54
0,19.86
0,19.86
0,19.78
0,19.86
0,19.86
0,19.86
0,19.86
0,19.86
0,19.86
0,19.86
0,18.02
0,19.39
0,19.86
0,19.86
0,19.78
0,19.47
0,19.54
0,19.62
0,19.54
0,19.78
0,19.86
0,19.86
0,19.86
0,19.54
0,19.54
0,19.86
0,18.16
0,19.54
0,19.62
0,19.47
0,19.47
0,19.86
0,19.86
0,19.86
0,19.78
0,19.54
0,19.54
0,19.54
0,19.54
0,19.86
0,19.86
0,20.02
0,19.86
0,19.54
0,19.54
0,19.39
0,19.47
0,19.86
0,19.86
0,19.78
0,19.78
0,19.54
0,19.54
0,19.54
0,19.54
0,19.86
0,19.86
0,19.86
0,20.18
0,19.54
0,19.54
0,19.01
0,19.47
0,19.86
0,19.86
0,19.78
0,19.78
0,19.86
0,19.86
0,19.86
0,19.86
0,19.54
0,19.54
0,19.54
0,19.54
0,19.86
0,19.86
0,18.02
0,19.7
0,19.54
0,19.54
0,19.47
0,19.47
0,19.54
0,19.54
0,19.54
0,19.54
0,19.54
0,19.54
0,19.54
0,19.86
0,19.86
0,20.18
0,18.16
0,19.54
0,19.54
0,19.47
0,19.47
0,19.86
0,19.86
0,19.86
0,19.86
0,19.86
0,19.86
0,19.86
0,19.86
0,19.86
0,19.86
0,20.18
0,18.72
0,19.86
0,19.86
0,19.78
0,19.78
0,19.54
0,19.54
0,19.54
0,19.54
0,19.54
0,19.54
0,19.54
0,19.54
10,20.26
10,20.34
10,20.34
10,20.34
10,18.58
10,18.44
10,20.34
10,20.34
10,20.26
10,20.26
10,20.34
10,20.34
10,20.34
10,20.34
10,20.34
10,20.34
10,20.34
10,20.34
10,20.34
10,20.34
10,18.94
10,18.44
10,20.34
10,20.34
10,20.26
10,20.26
10,20.34
10,20.34
10,20.26
10,20.26
10,20.34
10,20.34
10,20.34
10,20.34
10,20.34
10,20.34
10,20.68
10,18.58
10,20.34
10,20.34
10,20.26
10,20.26
10,20.34
10,20.34
10,20.26
10,20.26
10,20.34
10,20.34
10,20.34
10,20.34
10,20.34
10,20.34
10,20.68
10,20.34
10,20.34
10,19.86
10,20.26
10,20.34
10,20.34
10,20.26
10,20.26
10,20.34
10,20.34
10,20.34
10,20.34
10,20.34
10,20.34
10,20.34
10,20.34
10,20.34
10,20.34
10,18.44
10,20.18
10,20.34
10,20.34
10,20.26
10,20.26
10,20.34
10,20.34
10,20.34
10,20.26
10,20.34
10,20.34
10,20.26
10,20.34
10,20.34
10,20.34
10,18.58
10,19.24
10,20.34
10,20.34
10,20.26
10,20.26
10,20.34
10,20.34
10,20.34
10,20.34
10,20.34
10,20.34
10,20.34
10,20.34
10,20.34
10,20.34
10,18.87
10,18.44
10,20.34
10,20.34
10,20.26
10,20.26
10,20.34
10,20.34
10,20.34
10,20.34
10,20.34
10,20.34
10,20.34
10,20.34
10,20.34
10,20.68
10,19.31
10,20.34
10,20.34
10,20.18
10,20.26
10,20.34
10,20.34
10,20.26
10,20.34
10,20.34
10,20.34
10,20.34
10,20.34
10,20.34
10,20.34
10,20.34
10,19.16
10,20.34
10,20.34
10,20.18
10,20.26
10,20.34
10,20.34
10,20.26
10,20.26
10,20.34
10,20.34
10,20.34
10,20.34
10,20.34
10,20.34
10,20.34
10,20.68
10,20.34
10,20.34
10,19.86
10,20.18
10,20.34
10,20.34
10,20.26
10,20.26
10,20.34
10,20.34
10,20.34
10,20.34
10,20.34
10,20.34
10,20.34
10,20.34
10,20.34
10,20.34
10,18.37
10,20.18
10,20.34
10,20.34
10,20.26
10,20.26
10,20.34
10,20.34
10,20.34
10,20.34
10,20.34
10,20.34
10,20.34
10,20.34
10,20.34
10,19.7
10,18.58
10,20.34
10,20.34
10,20.26
10,20.26
10,20.34
10,20.34
10,20.34
10,20.34
10,20.34
10,20.34
10,20.34
10,20.34
10,20.34
10,20.34
10,20.68
10,18.87
10,20.34
10,20.34
10,20.18
10,20.26
10,20.26
10,20.34
10,20.26
10,20.34
10,20.34
10,20.34
10,20.26
10,20.34
10,20.34
10,20.34
10,20.34
10,20.76
10,20.34
10,20.34
10,20.18
10,20.26
10,20.34
10,20.34
10,20.26
10,20.26
10,20.34
10,20.34
10,20.34
10,20.34
10,20.34
10,20.34
10,20.34
10,20.68
10,20.34
10,20.34
10,19.24
10,20.26
10,20.34
10,20.34
10,20.26
10,20.26
10,20.34
10,20.34
10,20.26
10,20.34
10,20.34
10,20.34
10,20.34
10,20.34
10,20.34
10,18.58
10,18.44
10,20.34
10,20.34
10,20.26
10,20.26
10,20.34
10,20.34
10,20.34
10,20.34
10,20.34
10,20.34
10,20.34
10,20.34
10,20.34
10,20.34
10,19.09
10,18.44
10,20.34
10,20.34
10,20.26
10,20.26
10,20.34
10,20.34
10,20.34
10,20.34
10,20.34
10,20.34
10,20.26
10,20.34
10,20.34
10,20.34
10,20.68
10,18.58
10,20.34
10,20.34
10,20.18
10,20.26
10,20.34
10,20.34
10,20.26
10,20.34
10,20.34
10,20.34
10,20.34
10,20.34
10,20.34
10,20.34
10,20.68
10,18.79
10,20.34
10,20.34
10,20.18
10,20.26
10,20.34
10,20.34
10,20.26
10,20.26
10,20.34
10,20.34
10,20.34
10,20.34
10,20.34
10,20.34
10,20.34
10,20.34
10,20.34
10,18.44
10,20.18
10,20.34
10,20.34
10,20.26
10,20.26
10,20.34
10,20.34
10,20.34
10,20.26
10,20.34
10,20.34
10,20.34
10,20.34
10,20.34
10,20.34
10,18.58
10,19.54
10,20.34
10,20.34
10,20.26
10,20.26
10,20.34
10,20.34
10,20.34
10,20.26
10,20.34
10,20.34
10,20.34
10,20.34
10,20.34
10,20.34
10,18.87
10,18.44
10,20.34
10,20.34
10,20.26
10,20.26
10,20.34
10,20.34
10,20.26
10,20.26
10,20.34
10,20.34
10,20.34
10,20.34
10,20.34
10,20.34
10,19.47
10,18.44
10,20.34
10,20.34
10,20.26
10,20.26
10,20.34
10,20.34
10,20.26
10,20.34
10,20.34
10,20.34
10,20.26
10,20.34
10,20.34
10,20.34
10,20.68
10,20.34
10,20.34
10,20.1
10,20.26
10,20.34
10,20.34
10,20.26
10,20.26
10,20.34
10,20.34
10,20.34
10,20.34
10,20.34
10,20.34
10,20.34
10,20.68
10,20.34
10,20.34
10,19.01
10,20.18
10,20.34
10,20.34
10,20.26
10,20.26
10,20.34
10,20.34
10,20.34
10,20.34
10,20.34
10,20.34
10,20.34
10,20.34
10,20.34
10,20.34
10,18.58
10,19.47
10,20.34
10,20.34
10,20.26
10,20.26
10,20.34
10,20.34
10,20.34
10,20.34
10,20.34
10,20.34
10,20.26
10,20.34
10,20.34
10,20.34
10,18.87
10,18.44
10,20.34
10,20.34
10,20.26
10,20.26
10,20.34
10,20.34
10,20.34
10,20.34
10,20.34
10,20.34
10,20.34
10,20.34
10,20.34
10,20.68
10,20.18
10,20.34
10,20.34
10,20.18
10,20.26
10,20.34
10,20.34
10,20.26
10,20.26
10,20.34
10,20.34
10,20.34
10,20.34
10,20.34
10,20.34
10,20.34
10,20.68
10,20.34
10,20.34
10,20.02
10,20.26
10,20.34
10,20.34
10,20.26
10,20.26
10,20.34
10,20.34
10,20.34
10,20.26
10,20.34
10,20.34
10,20.34
10,20.34
10,20.34
10,20.34
10,18.44
10,20.1
10,20.34
10,20.34
10,20.26
10,20.26
10,20.34
10,20.34
10,20.34
10,20.26
10,20.34
10,20.34
10,20.34
10,20.34
10,20.34
10,20.34
10,18.58
10,19.54
10,20.34
10,20.34
10,20.26
10,20.26
10,20.34
10,20.34
10,20.26
10,20.26
10,20.34
10,20.34
10,20.26
10,20.34
10,20.34
10,20.68
10,18.94
10,20.34
10,20.34
10,20.26
10,20.26
10,20.34
10,20.34
10,20.26
10,20.26
10,20.34
10,20.34
10,20.34
10,20.34
10,20.34
10,20.34
10,20.34
10,20.68
10,20.34
10,20.34
10,20.02
10,20.26
10,20.34
10,20.34
10,20.26
10,20.26
10,20.34
10,20.34
10,20.34
10,20.34
10,20.34
10,20.34
10,20.34
10,20.68
10,20.34
10,20.34
10,18.44
10,20.18
10,20.34
10,20.34
10,20.26
10,20.26
10,20.34
10,20.34
10,20.34
10,20.26
10,20.34
10,20.34
10,20.34
10,20.34
10,20.34
10,20.34
10,18.37
10,20.18
10,20.34
10,20.34
10,20.26
10,20.26
10,20.34
10,20.34
10,20.34
10,20.34
10,20.34
10,20.34
10,20.34
10,20.34
10,20.34
10,19.01
10,18.58
10,20.34
10,20.34
10,20.26
10,20.26
10,20.34
10,20.34
10,20.26
10,20.26
10,20.34
10,20.34
10,20.26
10,20.26
10,20.34
10,20.34
10,20.68
10,18.87
10,20.34
10,20.34
10,20.18
10,20.26
10,20.34
10,20.34
10,20.26
10,20.34
10,20.34
10,20.34
10,20.26
10,20.34
10,20.34
10,20.34
10,20.34
10,19.62
10,20.34
10,20.34
10,20.18
10,20.26
10,20.34
10,20.34
10,20.34
10,20.26
10,20.34
10,20.34
10,20.34
10,20.34
10,20.34
10,20.34
10,20.34
10,20.68
10,20.34
10,20.34
10,19.94
10,20.26
10,20.34
10,20.34
10,20.26
10,20.26
10,20.34
10,20.34
10,20.26
10,20.34
10,20.34
10,20.34
10,20.34
10,20.34
10,20.34
10,18.58
10,18.79
10,20.34
10,20.34
10,20.26
10,20.26
10,20.34
10,20.34
10,20.26
10,20.26
10,20.34
10,20.34
10,20.34
10,20.34
10,20.34
10,20.34
10,19.09
10,18.44
10,20.34
10,20.34
10,20.26
10,20.26
10,20.34
10,20.34
10,20.26
10,20.26
10,20.34
10,20.34
10,20.34
10,20.34
10,20.34
10,20.34
10,20.68
10,18.72
10,20.34
10,20.34
10,20.26
10,20.26
10,20.34
10,20.34
10,20.26
10,20.26
10,20.34
10,20.34
10,20.34
10,20.34
10,20.34
10,20.34
10,20.34
10,19.16
10,20.34
10,20.34
10,20.26
10,20.26
10,20.34
10,20.34
10,20.26
10,20.26
10,20.34
10,20.34
10,20.34
10,20.34
10,20.34
10,20.34
10,20.34
10,20.34
10,20.34
10,18.44
10,20.18
10,20.34
10,20.34
10,20.26
10,20.26
10,20.34
10,20.34
10,20.34
10,20.34
10,20.34
10,20.34
10,20.34
10,20.26
10,20.34
10,20.34
10,18.44
10,19.86
10,20.34
10,20.34
10,20.26
10,20.26
10,20.34
10,20.34
10,20.34
10,20.26
10,20.34
10,20.34
10,20.34
10,20.26
10,20.34
10,20.34
10,18.58
10,18.44
10,20.26
10,20.34
10,20.26
10,20.26
10,20.34
10,20.34
10,20.34
10,20.34
10,20.34
10,20.34
10,20.34
10,20.34
10,20.34
10,20.34
10,19.01
10,18.44
10,20.34
10,20.34
10,20.26
10,20.26
10,20.34
10,20.34
10,20.26
10,20.26
10,20.34
10,20.34
10,20.34
10,20.34
10,20.34
10,20.34
10,20.68
10,20.34
10,20.34
10,20.18
10,20.26
10,20.34
10,20.34
10,20.26
10,20.34
10,20.34
10,20.34
10,20.34
10,20.34
10,20.34
10,20.34
10,20.34
10,20.68
10,20.34
10,20.34
10,19.47
10,20.18
10,20.34
10,20.34
10,20.26
10,20.34
10,20.34
10,20.34
10,20.26
10,20.34
10,20.34
10,20.34
10,20.34
10,20.34
10,20.34
10,20.34
10,18.44
10,20.02
10,20.34
10,20.34
10,20.26
10,20.26
10,20.34
10,20.34
10,20.26
10,20.26
10,20.34
10,20.34
10,20.34
10,20.34
10,20.34
10,20.34
10,18.44
10,19.7
10,20.34
10,20.34
10,20.26
10,20.26
10,20.34
10,20.34
10,20.26
10,20.26
10,20.34
10,20.34
10,20.34
10,20.34
10,20.34
10,20.68
10,18.58
10,20.34
10,20.34
10,20.26
10,20.26
10,20.34
10,20.34
10,20.34
10,20.26
10,20.34
10,20.34
10,20.34
10,20.34
10,20.34
10,20.34
10,20.34
10,19.16
10,20.34
10,20.34
10,20.18
10,20.26
10,20.34
10,20.34
10,20.26
10,20.26
10,20.34
10,20.34
10,20.34
10,20.34
10,20.34
10,20.34
10,20.34
10,20.26
10,20.34
10,20.34
10,20.18
10,20.26
10,20.34
10,20.34
10,20.26
10,20.26
10,20.34
10,20.34
10,20.34
10,20.34
10,20.34
10,20.34
10,20.34
10,20.68
10,20.34
10,20.34
10,18.37
10,20.18
10,20.34
10,20.34
10,20.26
10,20.26
10,20.34
10,20.34
10,20.26
10,20.34
10,20.34
10,20.34
10,20.34
10,20.34
10,20.34
10,18.87
10,18.44
10,20.34
10,20.34
10,20.26
10,20.26
10,20.34
10,20.34
10,20.34
10,20.34
10,20.34
10,20.34
10,20.34
10,20.34
10,20.34
10,20.34
10,19.94
10,18.58
10,20.34
10,20.34
10,20.26
10,20.26
10,20.34
10,20.34
10,20.26
10,20.34
10,20.34
10,20.34
10,20.34
10,20.34
10,20.34
10,20.34
10,20.68
10,18.94
10,20.34
10,20.34
10,20.26
10,20.26
10,20.34
10,20.34
10,20.26
10,20.26
10,20.34
10,20.34
10,20.34
10,20.34
10,20.34
10,20.34
10,20.34
10,20.68
10,20.34
10,20.34
10,20.18
10,20.26
10,20.34
10,20.34
10,20.26
10,20.26
10,20.34
10,20.34
10,20.34
10,20.26
10,20.34
10,20.34
10,20.34
10,20.34
10,20.34
10,18.44
10,20.02
10,20.34
10,20.34
10,20.26
10,20.26
10,20.34
10,20.34
10,20.34
10,20.34
10,20.34
10,20.34
10,20.34
10,20.34
10,20.34
10,20.34
10,18.72
10,18.44
10,20.34
20,20.59
20,20.59
20,20.59
20,20.59
20,18.72
20,19.54
20,20.59
20,20.59
20,20.51
20,20.76
20,20.85
20,20.85
20,20.76
20,20.85
20,20.85
20,20.85
20,20.85
20,20.51
20,20.59
20,20.59
20,20.59
20,20.59
20,20.59
20,18.72
20,19.86
20,20.59
20,20.59
20,20.51
20,20.51
20,20.59
20,20.59
20,20.51
20,20.51
20,20.59
20,20.59
20,20.59
20,20.59
20,20.59
20,20.59
20,20.93
20,19.01
20,20.51
20,20.59
20,20.42
20,20.51
20,20.85
20,20.85
20,20.76
20,20.85
20,20.59
20,20.59
20,20.51
20,20.51
20,20.85
20,20.85
20,20.85
20,20.85
20,20.59
20,20.59
20,18.72
20,19.16
20,20.51
20,20.59
20,20.51
20,20.51
20,20.59
20,20.59
20,20.51
20,20.51
20,20.59
20,20.59
20,20.59
20,20.59
20,20.59
20,20.59
20,20.85
20,19.62
20,20.85
20,20.85
20,20.59
20,20.76
20,20.85
20,20.85
20,20.76
20,20.51
20,20.59
20,20.51
20,20.51
20,20.76
20,20.85
20,20.85
20,20.76
20,20.51
20,20.59
20,20.93
20,19.09
20,20.51
20,20.59
20,20.42
20,20.42
20,20.59
20,20.59
20,20.51
20,20.51
20,20.59
20,20.59
20,20.51
20,20.51
20,20.59
20,20.59
20,20.59
20,20.59
20,20.85
20,20.85
20,19.16
20,18.87
20,20.59
20,20.51
20,20.51
20,20.51
20,20.59
20,20.59
20,20.51
20,20.51
20,20.51
20,20.59
20,20.51
20,20.59
20,20.59
20,20.59
20,20.68
20,20.93
20,20.59
20,20.59
20,20.18
20,20.42
20,20.59
20,20.59
20,20.51
20,20.51
20,20.59
20,20.59
20,20.51
20,20.51
20,20.59
20,20.59
20,20.59
20,20.51
20,20.85
20,20.85
20,19.31
20,18.87
20,20.59
20,20.59
20,20.51
20,20.51
20,20.59
20,20.59
20,20.51
20,20.51
20,20.59
20,20.59
20,20.51
20,20.51
20,20.59
20,20.59
20,20.59
20,20.59
20,20.59
20,18.72
20,18.58
20,20.76
20,20.85
20,20.76
20,20.76
20,20.59
20,20.59
20,20.51
20,20.51
20,20.51
20,20.59
20,20.51
20,20.51
20,20.51
20,20.59
20,20.93
20,19.54
20,20.59
20,20.59
20,20.34
20,20.42
20,20.59
20,20.59
20,20.51
20,20.51
20,20.59
20,20.59
20,20.51
20,20.59
20,20.59
20,20.59
20,20.51
20,20.51
20,20.59
20,20.59
20,18.87
20,18.58
20,20.59
20,20.59
20,20.51
20,20.51
20,20.85
20,20.85
20,20.76
20,20.76
20,20.59
20,20.59
20,20.51
20,20.51
20,20.59
20,20.59
20,20.68
20,20.93
20,20.59
20,20.59
20,19.94
20,20.42
20,20.59
20,20.59
20,20.51
20,20.51
20,20.59
20,20.51
20,20.51
20,20.51
20,20.59
20,20.59
20,20.59
20,20.85
20,20.85
20,21.2
20,19.31
20,20.85
20,20.85
20,20.76
20,20.76
20,20.59
20,20.59
20,20.51
20,20.51
20,20.85
20,20.85
20,20.85
20,20.85
20,20.59
20,20.59
20,20.59
20,20.59
20,20.59
20,20.59
20,18.87
20,18.65
20,20.59
20,20.59
20,20.42
20,20.51
20,20.59
20,20.51
20,20.51
20,20.51
20,20.51
20,20.59
20,20.51
20,20.51
20,20.85
20,20.85
20,20.85
20,21.2
20,20.85
20,20.85
20,20.26
20,20.76
20,20.85
20,20.85
20,20.76
20,20.76
20,20.59
20,20.59
20,20.51
20,20.51
20,20.85
20,20.85
20,20.85
20,20.76
20,20.59
20,20.59
20,19.39
20,18.65
20,20.59
20,20.59
20,20.42
20,20.51
20,20.85
20,20.85
20,20.76
20,20.51
20,20.59
20,20.59
20,20.51
20,20.51
20,20.59
20,20.59
20,20.59
20,20.85
20,20.85
20,19.54
20,18.87
20,20.51
20,20.59
20,20.51
20,20.51
20,20.51
20,20.59
20,20.51
20,20.51
20,20.59
20,20.59
20,20.51
20,20.51
20,20.59
20,20.59
20,20.59
20,20.93
20,20.59
20,20.59
20,18.58
20,20.42
20,20.59
20,20.59
20,20.51
20,20.51
20,20.59
20,20.59
20,20.51
20,20.51
20,20.59
20,20.59
20,20.59
20,20.51
20,20.59
20,20.59
20,20.34
20,18.72
20,20.85
20,20.85
20,20.76
20,20.76
20,20.51
20,20.59
20,20.51
20,20.51
20,20.59
20,20.59
20,20.51
20,20.51
20,20.85
20,20.85
20,20.85
20,21.2
20,20.51
20,20.59
20,18.58
20,20.34
20,20.59
20,20.59
20,20.51
20,20.51
20,20.59
20,20.59
20,20.51
20,20.51
20,20.59
20,20.59
20,20.51
20,20.51
20,20.59
20,20.68
20,20.93
20,20.59
20,20.59
20,20.26
20,20.42
20,20.85
20,20.85
20,20.76
20,20.76
20,20.59
20,20.59
20,20.51
20,20.51
20,20.59
20,20.59
20,20.51
20,20.59
20,20.59
20,20.59
20,19.09
20,18.65
20,20.59
20,20.59
20,20.42
20,20.51
20,20.59
20,20.59
20,20.51
20,20.51
20,20.59
20,20.59
20,20.51
20,20.51
20,20.59
20,20.59
20,20.59
20,20.85
20,20.59
20,20.59
20,18.65
20,19.94
20,20.85
20,20.85
20,20.76
20,20.76
20,20.59
20,20.59
20,20.51
20,20.51
20,20.59
20,20.59
20,20.51
20,20.51
20,20.85
20,20.85
20,21.02
20,21.28
20,20.59
20,20.59
20,19.94
20,20.42
20,20.59
20,20.59
20,20.51
20,20.51
20,20.59
20,20.59
20,20.51
20,20.51
20,20.59
20,20.59
20,20.51
20,20.85
20,20.85
20,21.02
20,21.28
20,20.51
20,20.51
20,20.34
20,20.51
20,20.59
20,20.59
20,20.51
20,20.51
20,20.85
20,20.85
20,20.76
20,20.76
20,20.85
20,20.85
20,20.85
20,20.76
20,20.59
20,20.59
20,19.39
20,18.65
20,20.85
20,20.85
20,20.76
20,20.76
20,20.59
20,20.59
20,20.51
20,20.51
20,20.59
20,20.59
20,20.51
20,20.51
20,20.85
20,20.85
20,20.85
20,21.02
20,20.59
20,20.59
20,18.87
20,18.58
20,20.59
20,20.59
20,20.51
20,20.51
20,20.59
20,20.59
20,20.51
20,20.51
20,20.59
20,20.59
20,20.51
20,20.51
20,20.59
20,20.59
20,20.68
20,20.93
20,20.85
20,20.85
20,20.1
20,20.68
20,20.59
20,20.59
20,20.51
20,20.51
20,20.59
20,20.59
20,20.51
20,20.51
20,20.59
20,20.59
20,20.59
20,20.51
20,20.59
20,20.93
20,19.16
20,20.59
20,20.59
20,20.42
20,20.42
20,20.85
20,20.85
20,20.76
20,20.76
20,20.59
20,20.59
20,20.51
20,20.51
20,20.51
20,20.59
20,20.59
20,20.59
20,20.59
20,20.59
20,18.87
20,18.58
20,20.85
20,20.85
20,20.76
20,20.76
20,20.51
20,20.51
20,20.51
20,20.51
20,20.59
20,20.59
20,20.51
20,20.51
20,20.85
20,20.85
20,21.02
20,21.2
20,20.59
20,20.59
20,19.62
20,20.42
20,20.85
20,20.85
20,20.76
20,20.76
20,20.59
20,20.59
20,20.51
20,20.51
20,20.59
20,20.51
20,20.51
20,20.51
20,20.59
20,20.59
20,19.01
20,18.65
20,20.59
20,20.59
20,20.51
20,20.51
20,20.59
20,20.59
20,20.51
20,20.51
20,20.59
20,20.59
20,20.51
20,20.51
20,20.59
20,20.59
20,20.59
20,20.59
20,20.51
20,18.87
20,18.65
20,20.51
20,20.59
20,20.51
20,20.51
20,20.59
20,20.59
20,20.51
20,20.51
20,20.59
20,20.59
20,20.59
20,20.51
20,20.59
20,20.59
20,20.51
20,20.93
20,20.59
20,20.59
20,18.65
20,20.42
20,20.59
20,20.59
20,20.51
20,20.51
20,20.59
20,20.59
20,20.51
20,20.51
20,20.59
20,20.59
20,20.59
20,20.59
20,20.59
20,20.59
20,20.93
20,19.09
20,20.59
20,20.59
20,20.42
20,20.51
20,20.59
20,20.59
20,20.51
20,20.51
20,20.51
20,20.59
20,20.51
20,20.51
20,20.59
20,20.59
20,20.59
20,20.51
20,20.59
20,20.59
20,18.72
20,18.65
20,20.59
20,20.59
20,20.51
20,20.51
20,20.51
20,20.59
20,20.51
20,20.51
20,20.59
20,20.59
20,20.51
20,20.51
20,20.59
20,20.59
20,20.93
20,20.59
20,20.59
20,18.65
20,20.34
20,20.85
20,20.85
20,20.76
20,20.76
20,20.59
20,20.59
20,20.51
20,20.51
20,20.59
20,20.59
20,20.51
20,20.51
20,20.59
20,20.59
20,20.93
20,19.01
20,20.59
20,20.59
20,20.42
20,20.42
20,20.59
20,20.59
20,20.51
20,20.51
20,20.59
20,20.59
20,20.51
20,20.51
20,20.59
20,20.59
20,20.51
20,20.51
20,20.59
20,20.59
20,19.01
20,18.65
20,20.59
20,20.59
20,20.51
20,20.51
20,20.85
20,20.85
20,20.76
20,20.76
20,20.59
20,20.59
20,20.51
20,20.51
20,20.59
20,20.59
20,20.59
20,20.93
20,20.59
20,20.59
20,19.39
20,20.42
20,20.59
20,20.59
20,20.51
20,20.76
20,20.85
20,20.85
20,20.76
20,20.51
20,20.59
20,20.59
20,20.51
20,20.59
20,20.59
20,20.59
20,20.93
20,20.51
20,20.59
20,19.54
20,20.42
20,20.59
20,20.59
20,20.51
20,20.51
20,20.59
20,20.59
20,20.51
20,20.51
20,20.85
20,20.85
20,20.85
20,20.85
20,20.51
20,20.59
20,20.93
20,19.09
20,20.51
20,20.51
20,20.42
20,20.51
20,20.51
20,20.59
20,20.51
20,20.51
20,20.59
20,20.59
20,20.51
20,20.59
20,20.85
20,20.85
20,20.85
20,20.85
20,20.59
20,20.51
20,18.72
20,19.78
20,20.59
20,20.59
20,20.51
20,20.51
20,20.59
20,20.59
20,20.51
20,20.51
20,20.59
20,20.59
20,20.59
20,20.51
20,20.59
20,20.59
20,20.85
20,20.93
20,20.59
20,20.59
20,20.18
20,20.42
20,20.59
20,20.59
20,20.51
20,20.51
20,20.59
20,20.59
20,20.51
20,20.51
20,20.51
20,20.51
20,20.51
20,20.85
20,20.85
20,21.28
20,19.39
20,20.51
20,20.59
20,20.42
20,20.42
20,20.59
20,20.59
20,20.51
20,20.51
20,20.51
20,20.59
20,20.51
20,20.51
20,20.85
20,20.85
20,20.85
20,20.85
20,20.59
20,20.59
20,18.65
20,20.02
20,20.59
20,20.59
20,20.51
20,20.51
20,20.85
20,20.85
20,20.85
20,20.76
20,20.59
20,20.59
20,20.51
20,20.51
20,20.59
20,20.59
20,20.93
20,19.62
20,20.51
20,20.59
20,20.42
20,20.42
20,20.59
20,20.59
20,20.51
20,20.51
20,20.59
20,20.59
20,20.51
20,20.51
20,20.51
20,20.59
20,20.59
20,20.59
20,20.59
20,20.59
20,18.87
20,19.24
20,20.85
20,20.85
20,20.76
20,20.76
20,20.51
20,20.59
20,20.51
20,20.51
20,20.59
20,20.59
20,20.59
20,20.59
20,20.59
20,20.59
20,20.51
20,20.59
20,20.59
20,18.72
20,19.94
20,20.51
20,20.51
20,20.51
20,20.51
20,20.51
20,20.59
20,20.51
20,20.51
20,20.59
20,20.59
20,20.59
20,20.51
20,20.59
20,20.59
20,20.93
20,19.09
20,20.59
20,20.59
20,20.42
20,20.42
20,20.51
20,20.59
20,20.51
20,20.51
20,20.59
20,20.59
20,20.51
20,20.51
20,20.85
20,20.85
20,20.85
20,20.85
20,20.59
20,20.59
20,19.01
20,18.65
20,20.59
20,20.59
20,20.51
20,20.51
20,20.59
20,20.59
20,20.51
20,20.51
20,20.59
20,20.59
20,20.51
20,20.51
20,20.59
20,20.59
20,20.51
20,20.93
20,20.59
20,20.59
20,18.65
20,20.42
20,20.59
20,20.59
20,20.51
20,20.51
20,20.59
20,20.59
20,20.51
20,20.51
20,20.59
20,20.51
20,20.51
20,20.59
20,20.51
20,20.85
20,20.93
20,20.85
20,20.85
20,20.42
20,20.68
20,20.59
20,20.59
20,20.51
20,20.51
20,20.59
20,20.59
20,20.51
20,20.51
20,20.51
20,20.59
20,20.59
20,20.59
20,20.51
20,20.59
20,19.47
20,18.72
30,21.28
30,21.28
30,20.93
30,21.2
30,21.28
30,21.37
30,21.28
30,21.28
30,21.28
30,21.37
30,21.28
30,21.28
30,21.28
30,21.37
30,21.28
30,21.28
30,21.37
30,21.74
30,19.62
30,21.28
30,21.28
30,21.2
30,21.28
30,21.28
30,21.37
30,21.28
30,21.28
30,21.28
30,21.28
30,21.28
30,21.28
30,21.28
30,21.28
30,21.28
30,21.74
30,21.28
30,21.28
30,19.7
30,21.2
30,21.37
30,21.37
30,21.28
30,21.28
30,21.28
30,21.37
30,21.28
30,21.28
30,21.28
30,21.28
30,21.28
30,21.28
30,21.28
30,21.28
30,20.42
30,19.39
30,21.28
30,21.37
30,21.28
30,21.28
30,21.37
30,21.28
30,21.28
30,21.28
30,21.28
30,21.37
30,21.28
30,21.28
30,21.28
30,21.37
30,21.37
30,21.74
30,21.37
30,21.28
30,20.85
30,21.2
30,21.37
30,21.37
30,21.28
30,21.28
30,21.37
30,21.37
30,21.28
30,21.28
30,21.37
30,21.37
30,21.28
30,21.28
30,21.37
30,21.74
30,19.47
30,21.28
30,21.37
30,21.2
30,21.28
30,21.37
30,21.37
30,21.28
30,21.28
30,21.28
30,21.28
30,21.28
30,21.28
30,21.28
30,21.37
30,21.28
30,21.74
30,21.28
30,21.37
30,19.24
30,21.2
30,21.28
30,21.37
30,21.28
30,21.28
30,21.28
30,21.37
30,21.28
30,21.28
30,21.28
30,21.28
30,21.28
30,21.28
30,21.28
30,21.37
30,19.62
30,19.24
30,21.37
30,21.37
30,21.28
30,21.28
30,21.37
30,21.37
30,21.28
30,21.28
30,21.28
30,21.37
30,21.28
30,21.28
30,21.28
30,21.28
30,21.74
30,19.78
30,21.37
30,21.28
30,21.2
30,21.2
30,21.37
30,21.37
30,21.28
30,21.28
30,21.28
30,21.28
30,21.28
30,21.28
30,21.28
30,21.37
30,21.28
30,21.28
30,21.37
30,19.78
30,19.24
30,21.28
30,21.28
30,21.28
30,21.28
30,21.28
30,21.28
30,21.28
30,21.28
30,21.28
30,21.28
30,21.28
30,21.28
30,21.37
30,21.37
30,21.74
30,20.02
30,21.28
30,21.37
30,21.2
30,21.2
30,21.28
30,21.28
30,21.28
30,21.28
30,21.28
30,21.37
30,21.37
30,21.28
30,21.37
30,21.28
30,21.28
30,21.37
30,21.28
30,21.37
30,19.31
30,21.11
30,21.28
30,21.28
30,21.28
30,21.28
30,21.28
30,21.37
30,21.28
30,21.28
30,21.28
30,21.28
30,21.28
30,21.28
30,21.37
30,21.37
30,20.18
30,19.31
30,21.37
30,21.37
30,21.2
30,21.28
30,21.28
30,21.37
30,21.28
30,21.28
30,21.28
30,21.37
30,21.28
30,21.28
30,21.28
30,21.28
30,21.74
30,21.28
30,21.37
30,19.31
30,21.11
30,21.28
30,21.37
30,21.28
30,21.28
30,21.37
30,21.37
30,21.28
30,21.28
30,21.37
30,21.37
30,21.28
30,21.28
30,21.28
30,21.28
30,19.86
30,19.31
30,21.28
30,21.37
30,21.28
30,21.28
30,21.28
30,21.37
30,21.28
30,21.28
30,21.28
30,21.37
30,21.28
30,21.28
30,21.28
30,21.37
30,21.74
30,19.86
30,21.37
30,21.28
30,21.2
30,21.28
30,21.28
30,21.28
30,21.28
30,21.28
30,21.37
30,21.37
30,21.28
30,21.28
30,21.37
30,21.37
30,21.28
30,21.37
30,21.28
30,21.28
30,19.31
30,21.11
30,21.28
30,21.37
30,21.28
30,21.28
30,21.28
30,21.28
30,21.28
30,21.28
30,21.37
30,21.37
30,21.28
30,21.28
30,21.28
30,21.37
30,21.74
30,21.28
30,21.28
30,21.02
30,21.2
30,21.28
30,21.28
30,21.28
30,21.28
30,21.28
30,21.37
30,21.28
30,21.28
30,21.28
30,21.28
30,21.28
30,21.28
30,21.28
30,21.28
30,19.47
30,20.1
30,21.37
30,21.37
30,21.28
30,21.28
30,21.28
30,21.28
30,21.28
30,21.28
30,21.28
30,21.28
30,21.28
30,21.28
30,21.28
30,21.28
30,21.74
30,19.86
30,21.37
30,21.37
30,21.2
30,21.2
30,21.37
30,21.28
30,21.28
30,21.28
30,21.28
30,21.37
30,21.28
30,21.28
30,21.28
30,21.28
30,21.37
30,21.74
30,21.37
30,21.28
30,19.31
30,21.11
30,21.28
30,21.28
30,21.28
30,21.28
30,21.37
30,21.37
30,21.28
30,21.28
30,21.28
30,21.37
30,21.28
30,21.28
30,21.28
30,21.37
30,21.74
30,21.28
30,21.28
30,21.02
30,21.2
30,21.28
30,21.37
30,21.28
30,21.28
30,21.28
30,21.28
30,21.28
30,21.28
30,21.37
30,21.37
30,21.28
30,21.28
30,21.37
30,21.37
30,19.47
30,19.24
30,21.37
30,21.37
30,21.2
30,21.28
30,21.28
30,21.28
30,21.28
30,21.28
30,21.28
30,21.28
30,21.28
30,21.28
30,21.28
30,21.37
30,21.74
30,19.78
30,21.37
30,21.37
30,21.2
30,21.28
30,21.28
30,21.37
30,21.28
30,21.28
30,21.37
30,21.28
30,21.28
30,21.28
30,21.28
30,21.37
30,21.28
30,21.74
30,21.37
30,21.28
30,19.01
30,21.2
30,21.28
30,21.37
30,21.28
30,21.28
30,21.28
30,21.28
30,21.28
30,21.28
30,21.28
30,21.28
30,21.28
30,21.28
30,21.37
30,21.74
30,20.02
30,21.28
30,21.37
30,21.2
30,21.2
30,21.28
30,21.28
30,21.28
30,21.28
30,21.28
30,21.37
30,21.28
30,21.28
30,21.37
30,21.37
30,21.28
30,21.37
30,21.28
30,21.37
30,19.31
30,21.11
30,21.28
30,21.37
30,21.2
30,21.28
30,21.28
30,21.37
30,21.28
30,21.28
30,21.37
30,21.28
30,21.28
30,21.28
30,21.28
30,21.37
30,20.02
30,19.31
30,21.37
30,21.37
30,21.2
30,21.28
30,21.28
30,21.37
30,21.28
30,21.28
30,21.37
30,21.37
30,21.28
30,21.28
30,21.37
30,21.28
30,21.74
30,21.74
30,21.37
30,21.28
30,21.11
30,21.2
30,21.28
30,21.28
30,21.28
30,21.28
30,21.37
30,21.28
30,21.28
30,21.28
30,21.28
30,21.37
30,21.28
30,21.28
30,21.37
30,20.26
30,19.47
30,21.28
30,21.37
30,21.28
30,21.28
30,21.37
30,21.28
30,21.28
30,21.28
30,21.28
30,21.28
30,21.37
30,21.28
30,21.37
30,21.28
30,21.37
30,21.74
30,21.28
30,21.37
30,20.76
30,21.2
30,21.37
30,21.37
30,21.28
30,21.28
30,21.37
30,21.37
30,21.28
30,21.28
30,21.28
30,21.28
30,21.28
30,21.28
30,21.28
30,21.28
30,19.47
30,20.34
30,21.28
30,21.28
30,21.28
30,21.28
30,21.37
30,21.37
30,21.28
30,21.28
30,21.28
30,21.28
30,21.28
30,21.28
30,21.37
30,21.37
30,21.74
30,19.62
30,21.37
30,21.37
30,21.2
30,21.28
30,21.37
30,21.37
30,21.28
30,21.28
30,21.37
30,21.37
30,21.28
30,21.28
30,21.28
30,21.28
30,21.28
30,21.28
30,21.28
30,19.31
30,21.02
30,21.28
30,21.37
30,21.28
30,21.28
30,21.28
30,21.37
30,21.28
30,21.28
30,21.28
30,21.37
30,21.28
30,21.28
30,21.28
30,21.37
30,21.74
30,19.78
30,21.37
30,21.37
30,21.2
30,21.28
30,21.37
30,21.28
30,21.28
30,21.28
30,21.37
30,21.37
30,21.28
30,21.28
30,21.28
30,21.28
30,21.28
30,21.74
30,21.28
30,21.37
30,19.31
30,21.02
30,21.28
30,21.37
30,21.28
30,21.28
30,21.37
30,21.28
30,21.28
30,21.28
30,21.37
30,21.37
30,21.28
30,21.28
30,21.28
30,21.37
30,20.51
30,19.31
30,21.37
30,21.28
30,21.2
30,21.28
30,21.28
30,21.37
30,21.28
30,21.28
30,21.28
30,21.28
30,21.28
30,21.28
30,21.37
30,21.37
30,21.74
30,21.28
30,21.28
30,19.31
30,21.11
30,21.37
30,21.28
30,21.28
30,21.28
30,21.28
30,21.37
30,21.28
30,21.28
30,21.28
30,21.28
30,21.28
30,21.28
30,21.37
30,21.37
30,20.18
30,19.31
30,21.28
30,21.37
30,21.28
30,21.28
30,21.28
30,21.28
30,21.28
30,21.28
30,21.28
30,21.37
30,21.28
30,21.28
30,21.28
30,21.28
30,21.37
30,21.74
30,21.37
30,21.37
30,20.51
30,21.2
30,21.37
30,21.28
30,21.28
30,21.28
30,21.28
30,21.37
30,21.28
30,21.28
30,21.28
30,21.28
30,21.28
30,21.28
30,21.28
30,21.37
30,19.62
30,19.24
30,21.37
30,21.28
30,21.28
30,21.28
30,21.28
30,21.28
30,21.28
30,21.28
30,21.37
30,21.28
30,21.28
30,21.28
30,21.37
30,21.37
30,21.74
30,21.37
30,21.28
30,19.01
30,21.11
30,21.28
30,21.28
30,21.28
30,21.28
30,21.28
30,21.37
30,21.28
30,21.28
30,21.28
30,21.37
30,21.28
30,21.28
30,21.28
30,21.28
30,19.78
30,19.31
30,21.37
30,21.28
30,21.28
30,21.28
30,21.28
30,21.37
30,21.28
30,21.28
30,21.37
30,21.37
30,21.28
30,21.28
30,21.37
30,21.37
30,21.74
30,19.94
30,21.37
30,21.28
30,21.2
30,21.28
30,21.37
30,21.37
30,21.28
30,21.28
30,21.28
30,21.28
30,21.28
30,21.28
30,21.37
30,21.37
30,21.37
30,21.74
30,21.37
30,21.37
30,19.24
30,21.11
30,21.28
30,21.37
30,21.28
30,21.28
30,21.28
30,21.28
30,21.28
30,21.28
30,21.37
30,21.37
30,21.37
30,21.28
30,21.37
30,21.74
30,20.02
30,21.28
30,21.28
30,21.2
30,21.2
30,21.28
30,21.28
30,21.28
30,21.28
30,21.28
30,21.28
30,21.28
30,21.28
30,21.37
30,21.37
30,21.28
30,21.28
30,21.28
30,21.37
30,19.31
30,20.85
30,21.28
30,21.37
30,21.28
30,21.28
30,21.37
30,21.28
30,21.28
30,21.28
30,21.37
30,21.37
30,21.28
30,21.28
30,21.28
30,21.37
30,21.74
30,19.47
30,21.37
30,21.37
30,21.2
30,21.28
30,21.28
30,21.28
30,21.28
30,21.28
30,21.28
30,21.28
30,21.28
30,21.28
30,21.28
30,21.37
30,21.28
30,21.74
30,21.28
30,21.28
30,20.51
30,21.2
30,21.28
30,21.37
30,21.28
30,21.28
30,21.28
30,21.28
30,21.28
30,21.28
30,21.37
30,21.37
30,21.28
30,21.37
30,21.37
30,21.74
30,19.78
30,21.28
30,21.37
30,21.2
30,21.2
30,21.28
30,21.28
30,21.28
30,21.28
30,21.28
30,21.28
30,21.28
30,21.28
30,21.28
30,21.28
30,21.28
30,21.74
30,21.28
30,21.37
30,19.24
30,21.11
30,21.37
30,21.28
30,21.28
30,21.28
30,21.28
30,21.28
30,21.28
30,21.37
30,21.28
30,21.28
30,21.28
30,21.28
30,21.28
30,21.37
30,20.51
30,19.31
30,21.37
30,21.37
30,21.2
30,21.2
30,21.28
30,21.37
30,21.28
30,21.28
30,21.28
30,21.28
30,21.28
30,21.28
30,21.28
30,21.37
30,21.28
30,21.74
30,21.28
30,21.37
30,19.47
30,21.2
30,21.28
30,21.28
30,21.28
30,21.28
30,21.28
30,21.37
30,21.28
30,21.28
30,21.28
30,21.28
30,21.28
30,21.28
30,21.37
30,21.74
30,19.94
30,21.37
30,21.37
30,21.2
30,21.2
30,21.28
30,21.28
30,21.28
30,21.28
30,21.28
30,21.28
30,21.28
30,21.28
30,21.37
30,21.28
30,21.28
30,21.37
30,21.28
30,21.37
30,19.31
30,21.11
30,21.37
30,21.28
30,21.28
30,21.28
30,21.28
30,21.28
30,21.28
30,21.28
30,21.37
30,21.37
30,21.28
30,21.28
30,21.37
30,21.37
30,20.02
30,19.39
30,21.37
30,21.28
30,21.2
30,21.28
30,21.28
30,21.37
30,21.28
30,21.28
30,21.37
30,21.37
30,21.28
30,21.28
30,21.37
30,21.37
30,21.28
30,21.74
30,21.28
30,21.28
30,20.85
30,21.2
30,21.37
30,21.37
30,21.28
30,21.28
30,21.28
30,21.37
30,21.28
30,21.28
30,21.28
30,21.28
40,22.79
40,22.01
40,20.76
40,22.69
40,22.69
40,22.59
40,22.69
40,22.79
40,22.79
40,22.69
40,22.69
40,22.79
40,22.69
40,22.69
40,22.69
40,22.69
40,22.89
40,23.29
40,22.69
40,22.69
40,22.39
40,22.59
40,22.79
40,22.69
40,22.69
40,22.69
40,22.69
40,22.69
40,22.69
40,22.69
40,22.69
40,22.69
40,22.69
40,23.29
40,22.69
40,22.69
40,22.3
40,22.59
40,22.79
40,22.79
40,22.69
40,22.69
40,22.69
40,22.79
40,22.69
40,22.69
40,22.79
40,22.79
40,22.79
40,22.69
40,22.79
40,22.79
40,20.51
40,22.39
40,22.79
40,22.79
40,22.69
40,22.69
40,22.69
40,22.79
40,22.69
40,22.69
40,22.79
40,22.69
40,22.69
40,22.69
40,22.79
40,22.79
40,20.59
40,20.85
40,22.79
40,22.79
40,22.69
40,22.69
40,22.69
40,22.69
40,22.69
40,22.69
40,22.69
40,22.79
40,22.69
40,22.69
40,22.79
40,23.29
40,20.93
40,22.69
40,22.69
40,22.59
40,22.59
40,22.69
40,22.69
40,22.69
40,22.69
40,22.69
40,22.79
40,22.69
40,22.69
40,22.69
40,22.69
40,23.29
40,21.55
40,22.69
40,22.79
40,22.59
40,22.59
40,22.69
40,22.79
40,22.69
40,22.69
40,22.69
40,22.69
40,22.69
40,22.69
40,22.69
40,22.69
40,22.69
40,23.29
40,22.69
40,22.79
40,22.49
40,22.59
40,22.69
40,22.79
40,22.69
40,22.69
40,22.69
40,22.69
40,22.69
40,22.69
40,22.69
40,22.79
40,22.69
40,23.29
40,22.79
40,22.79
40,22.3
40,22.59
40,22.79
40,22.79
40,22.69
40,22.69
40,22.69
40,22.79
40,22.69
40,22.69
40,22.69
40,22.79
40,22.69
40,22.69
40,22.69
40,20.59
40,20.93
40,22.69
40,22.79
40,22.69
40,22.69
40,22.79
40,22.69
40,22.69
40,22.69
40,22.69
40,22.69
40,22.69
40,22.79
40,22.69
40,22.79
40,20.76
40,20.51
40,22.69
40,22.79
40,22.69
40,22.69
40,22.69
40,22.79
40,22.69
40,22.69
40,22.79
40,22.69
40,22.69
40,22.69
40,22.79
40,22.79
40,21.2
40,20.59
40,22.69
40,22.69
40,22.59
40,22.69
40,22.79
40,22.79
40,22.69
40,22.69
40,22.69
40,22.69
40,22.69
40,22.69
40,22.79
40,22.79
40,23.29
40,20.76
40,22.69
40,22.69
40,22.59
40,22.69
40,22.79
40,22.69
40,22.69
40,22.69
40,22.69
40,22.69
40,22.69
40,22.69
40,22.79
40,22.79
40,23.29
40,22.69
40,22.69
40,22.39
40,22.59
40,22.69
40,22.79
40,22.69
40,22.69
40,22.69
40,22.69
40,22.69
40,22.69
40,22.69
40,22.69
40,22.69
40,23.29
40,22.69
40,22.69
40,22.39
40,22.59
40,22.69
40,22.79
40,22.69
40,22.69
40,22.69
40,22.69
40,22.69
40,22.69
40,22.79
40,22.79
40,22.69
40,23.29
40,22.79
40,22.79
40,21.83
40,22.59
40,22.69
40,22.79
40,22.69
40,22.69
40,22.69
40,22.69
40,22.69
40,22.69
40,22.79
40,22.79
40,22.69
40,22.69
40,22.69
40,22.79
40,20.51
40,22.39
40,22.69
40,22.79
40,22.69
40,22.69
40,22.69
40,22.69
40,22.69
40,22.69
40,22.69
40,22.69
40,22.69
40,22.69
40,22.79
40,21.28
40,20.51
40,22.69
40,22.79
40,22.69
40,22.59
40,22.69
40,22.79
40,22.69
40,22.69
40,22.69
40,22.69
40,22.69
40,22.69
40,22.69
40,22.69
40,21.37
40,20.51
40,22.69
40,22.79
40,22.59
40,22.69
40,22.69
40,22.69
40,22.69
40,22.69
40,22.69
40,22.79
40,22.69
40,22.69
40,22.79
40,22.69
40,22.01
40,20.76
40,22.69
40,22.79
40,22.69
40,22.69
40,22.79
40,22.79
40,22.69
40,22.69
40,22.79
40,22.79
40,22.69
40,22.69
40,22.79
40,22.69
40,23.29
40,20.93
40,22.69
40,22.79
40,22.59
40,22.69
40,22.69
40,22.79
40,22.69
40,22.69
40,22.79
40,22.79
40,22.69
40,22.69
40,22.79
40,22.79
40,22.89
40,22.69
40,22.69
40,20.51
40,22.49
40,22.69
40,22.79
40,22.69
40,22.69
40,22.69
40,22.79
40,22.69
40,22.69
40,22.79
40,22.69
40,22.69
40,22.69
40,22.69
40,22.79
40,20.51
40,22.49
40,22.69
40,22.69
40,22.69
40,22.69
40,22.69
40,22.69
40,22.69
40,22.69
40,22.79
40,22.79
40,22.69
40,22.69
40,22.69
40,22.79
40,20.51
40,22.39
40,22.69
40,22.69
40,22.69
40,22.69
40,22.69
40,22.69
40,22.69
40,22.69
40,22.69
40,22.79
40,22.69
40,22.69
40,22.79
40,22.79
40,20.51
40,22.2
40,22.69
40,22.79
40,22.69
40,22.69
40,22.79
40,22.69
40,22.69
40,22.69
40,22.69
40,22.79
40,22.69
40,22.69
40,22.79
40,22.59
40,20.76
40,22.69
40,22.69
40,22.59
40,22.59
40,22.69
40,22.79
40,22.69
40,22.69
40,22.69
40,22.69
40,22.69
40,22.69
40,22.69
40,22.69
40,23.29
40,21.11
40,22.69
40,22.69
40,22.59
40,22.59
40,22.79
40,22.79
40,22.69
40,22.69
40,22.69
40,22.79
40,22.69
40,22.69
40,22.69
40,22.79
40,22.69
40,23.29
40,22.69
40,22.69
40,22.59
40,22.59
40,22.69
40,22.79
40,22.69
40,22.69
40,22.79
40,22.79
40,22.69
40,22.69
40,22.69
40,22.79
40,22.69
40,23.29
40,22.69
40,22.79
40,22.2
40,22.59
40,22.79
40,22.69
40,22.69
40,22.69
40,22.69
40,22.79
40,22.69
40,22.69
40,22.79
40,22.79
40,22.69
40,22.69
40,22.69
40,20.93
40,20.51
40,22.69
40,22.79
40,22.69
40,22.69
40,22.69
40,22.79
40,22.69
40,22.69
40,22.69
40,22.79
40,22.69
40,22.69
40,22.79
40,22.79
40,21.28
40,20.51
40,22.69
40,22.69
40,22.69
40,22.69
40,22.69
40,22.69
40,22.69
40,22.69
40,22.69
40,22.79
40,22.69
40,22.69
40,22.69
40,22.79
40,21.2
40,20.51
40,22.69
40,22.69
40,22.69
40,22.69
40,22.79
40,22.69
40,22.69
40,22.69
40,22.69
40,22.79
40,22.69
40,22.69
40,22.79
40,22.79
40,21.92
40,20.59
40,22.69
40,22.69
40,22.59
40,22.69
40,22.69
40,22.79
40,22.69
40,22.69
40,22.69
40,22.79
40,22.69
40,22.69
40,22.69
40,22.79
40,23.29
40,22.69
40,22.69
40,22.39
40,22.59
40,22.69
40,22.79
40,22.69
40,22.69
40,22.69
40,22.79
40,22.79
40,22.69
40,22.79
40,22.69
40,22.79
40,22.69
40,22.79
40,22.79
40,20.51
40,22.39
40,22.69
40,22.79
40,22.69
40,22.69
40,22.69
40,22.79
40,22.69
40,22.69
40,22.69
40,22.79
40,22.69
40,22.69
40,22.69
40,22.79
40,20.76
40,20.42
40,22.69
40,22.79
40,22.59
40,22.69
40,22.69
40,22.79
40,22.69
40,22.69
40,22.79
40,22.79
40,22.69
40,22.69
40,22.79
40,22.69
40,21.28
40,20.51
40,22.69
40,22.69
40,22.59
40,22.59
40,22.69
40,22.79
40,22.69
40,22.69
40,22.69
40,22.79
40,22.69
40,22.69
40,22.69
40,23.29
40,21.46
40,22.79
40,22.79
40,22.59
40,22.59
40,22.69
40,22.79
40,22.69
40,22.69
40,22.69
40,22.79
40,22.79
40,22.69
40,22.69
40,22.69
40,22.79
40,23.29
40,22.69
40,22.69
40,22.11
40,22.59
40,22.69
40,22.69
40,22.69
40,22.69
40,22.79
40,22.79
40,22.69
40,22.69
40,22.79
40,22.69
40,22.69
40,23.29
40,22.69
40,22.79
40,21.46
40,22.59
40,22.79
40,22.79
40,22.69
40,22.69
40,22.69
40,22.79
40,22.69
40,22.69
40,22.69
40,22.79
40,22.69
40,22.69
40,22.69
40,22.79
40,20.51
40,22.39
40,22.79
40,22.79
40,22.69
40,22.69
40,22.69
40,22.79
40,22.69
40,22.69
40,22.69
40,22.69
40,22.69
40,22.69
40,22.79
40,23.39
40,20.59
40,22.69
40,22.69
40,22.69
40,22.69
40,22.69
40,22.69
40,22.69
40,22.69
40,22.69
40,22.79
40,22.69
40,22.69
40,22.69
40,22.79
40,23.29
40,20.93
40,22.69
40,22.69
40,22.59
40,22.69
40,22.79
40,22.69
40,22.69
40,22.69
40,22.69
40,22.69
40,22.69
40,22.69
40,22.69
40,22.69
40,23.29
40,20.76
40,22.69
40,22.69
40,22.59
40,22.69
40,22.69
40,22.69
40,22.69
40,22.69
40,22.79
40,22.79
40,22.69
40,22.69
40,22.79
40,22.79
40,23.29
40,21.2
40,22.79
40,22.79
40,22.59
40,22.59
40,22.79
40,22.79
40,22.69
40,22.69
40,22.79
40,22.79
40,22.69
40,22.69
40,22.69
40,22.69
40,22.69
40,22.69
40,22.69
40,20.51
40,22.3
40,22.69
40,22.79
40,22.69
40,22.69
40,22.69
40,22.69
40,22.69
40,22.69
40,22.69
40,22.69
40,22.69
40,22.69
40,22.79
40,22.79
40,20.51
40,22.39
40,22.79
40,22.79
40,22.69
40,22.69
40,22.69
40,22.79
40,22.69
40,22.69
40,22.69
40,22.79
40,22.69
40,22.69
40,22.69
40,22.79
40,20.59
40,22.01
40,22.79
40,22.79
40,22.69
40,22.69
40,22.69
40,22.79
40,22.69
40,22.69
40,22.69
40,22.79
40,22.69
40,22.69
40,22.69
40,22.69
40,20.59
40,20.51
40,22.69
40,22.69
40,22.69
40,22.69
40,22.69
40,22.69
40,22.69
40,22.69
40,22.79
40,22.79
40,22.69
40,22.69
40,22.79
40,23.29
40,20.93
40,22.69
40,22.79
40,22.59
40,22.69
40,22.69
40,22.69
40,22.69
40,22.69
40,22.69
40,22.69
40,22.69
40,22.69
40,22.69
40,22.69
40,23.29
40,20.76
40,22.69
40,22.69
40,22.59
40,22.69
40,22.69
40,22.69
40,22.69
40,22.69
40,22.69
40,22.79
40,22.69
40,22.69
40,22.79
40,22.69
40,23.29
40,20.93
40,22.79
40,22.79
40,22.59
40,22.59
40,22.69
40,22.69
40,22.69
40,22.69
40,22.79
40,22.79
40,22.69
40,22.69
40,22.79
40,22.69
40,22.89
40,23.29
40,22.79
40,22.79
40,22.59
40,22.59
40,22.69
40,22.79
40,22.69
40,22.69
40,22.79
40,22.79
40,22.69
40,22.69
40,22.69
40,22.79
40,22.69
40,22.69
40,22.79
40,20.59
40,20.76
40,22.69
40,22.69
40,22.69
40,22.69
40,22.69
40,22.69
40,22.69
40,22.69
40,22.69
40,22.69
40,22.69
40,22.69
40,22.69
40,22.79
40,20.76
40,20.42
40,22.69
40,22.79
40,22.69
40,22.69
40,22.79
40,22.79
40,22.69
40,22.69
40,22.79
40,22.79
40,22.69
40,22.69
40,22.69
40,22.69
40,20.93
40,20.51
40,22.69
40,22.69
40,22.69
40,22.69
40,22.69
40,22.79
40,22.69
40,22.69
40,22.79
40,22.79
40,22.69
40,22.69
40,22.69
40,22.79
40,21.11
40,20.51
40,22.79
40,22.79
40,22.59
40,22.69
40,22.69
40,22.79
40,22.69
40,22.69
40,22.69
40,22.79
40,22.69
40,22.69
40,22.69
40,23.29
40,21.28
40,22.69
40,22.69
40,22.59
40,22.59
40,22.69
40,22.79
40,22.69
40,22.69
40,22.69
40,22.69
40,22.69
40,22.69
40,22.69
40,22.69
40,22.69
40,23.29
40,22.69
40,22.69
40,22.3
40,22.59
40,22.79
40,22.79
40,22.69
40,22.69
40,22.79
40,22.79
40,22.69
40,22.69
40,22.79
40,22.69
40,22.69
40,23.19
40,22.79
40,22.79
40,20.42
40,22.49
40,22.69
40,22.79
40,22.69
40,22.69
40,22.69
40,22.69
40,22.69
40,22.69
40,22.69
40,22.79
40,22.69
40,22.89
40,22.69
40,22.79
40,20.51
40,22.49
40,22.79
40,22.79
40,22.69
40,22.69
40,22.69
40,22.69
40,22.69
40,22.69
40,22.69
40,22.79
40,22.69
40,22.69
50,24.03
50,23.92
50,24.03
50,24.03
50,24.03
50,24.03
50,24.03
50,21.83
50,22.69
50,24.03
50,24.03
50,23.92
50,23.92
50,24.03
50,24.03
50,24.03
50,24.03
50,24.03
50,24.03
50,24.03
50,24.03
50,24.03
50,24.03
50,22.39
50,21.83
50,24.03
50,24.03
50,23.92
50,23.92
50,24.03
50,24.03
50,24.03
50,23.92
50,24.03
50,24.03
50,24.03
50,24.03
50,24.03
50,24.03
50,24.69
50,22.2
50,24.03
50,24.03
50,23.92
50,23.92
50,24.03
50,24.03
50,24.03
50,24.03
50,24.03
50,24.03
50,24.03
50,24.03
50,24.03
50,24.03
50,24.14
50,24.69
50,24.03
50,24.03
50,23.81
50,23.92
50,24.03
50,24.03
50,23.92
50,23.92
50,24.03
50,24.03
50,24.03
50,23.92
50,24.03
50,24.03
50,24.03
50,24.03
50,24.03
50,21.83
50,22.99
50,24.03
50,24.03
50,23.92
50,23.92
50,24.03
50,24.03
50,24.03
50,24.03
50,24.03
50,24.03
50,24.03
50,24.03
50,24.03
50,24.03
50,22.39
50,21.83
50,24.03
50,24.03
50,23.92
50,23.92
50,24.03
50,24.03
50,24.03
50,24.03
50,24.03
50,24.03
50,24.03
50,24.03
50,24.03
50,24.03
50,24.58
50,22.39
50,24.03
50,24.03
50,23.92
50,23.92
50,24.03
50,24.03
50,24.03
50,24.03
50,24.03
50,24.03
50,24.03
50,24.03
50,24.03
50,24.03
50,24.03
50,24.69
50,24.03
50,24.03
50,23.5
50,23.92
50,24.03
50,24.03
50,23.92
50,23.92
50,24.03
50,24.03
50,24.03
50,24.03
50,24.03
50,24.03
50,24.03
50,24.03
50,24.03
50,22.2
50,21.83
50,24.03
50,24.03
50,23.92
50,23.92
50,24.03
50,24.03
50,24.03
50,24.03
50,24.03
50,24.03
50,24.03
50,24.03
50,24.03
50,24.03
50,24.69
50,22.2
50,24.03
50,24.03
50,23.81
50,23.92
50,24.03
50,24.03
50,23.92
50,24.03
50,24.03
50,24.03
50,24.03
50,24.03
50,24.03
50,24.03
50,24.14
50,24.14
50,24.03
50,24.03
50,23.81
50,23.92
50,24.03
50,24.03
50,23.92
50,24.03
50,24.03
50,24.03
50,24.03
50,24.03
50,24.03
50,24.03
50,24.03
50,24.69
50,24.03
50,24.03
50,23.5
50,23.92
50,24.03
50,24.03
50,23.92
50,24.03
50,24.03
50,24.03
50,24.03
50,24.03
50,24.03
50,24.03
50,24.03
50,24.03
50,24.03
50,22.3
50,21.83
50,24.03
50,24.03
50,23.92
50,23.92
50,24.03
50,24.03
50,24.03
50,24.03
50,24.03
50,24.03
50,24.03
50,24.03
50,24.03
50,24.03
50,24.69
50,22.3
50,24.03
50,24.03
50,23.92
50,23.92
50,24.03
50,24.03
50,24.03
50,24.03
50,24.03
50,24.03
50,24.03
50,24.03
50,24.03
50,24.03
50,24.03
50,24.69
50,24.03
50,24.03
50,23.39
50,23.92
50,24.03
50,24.03
50,24.03
50,23.92
50,24.03
50,24.03
50,24.03
50,23.92
50,24.03
50,24.03
50,24.03
50,24.14
50,24.03
50,24.03
50,21.92
50,23.81
50,24.03
50,24.03
50,23.92
50,23.92
50,24.03
50,24.03
50,24.03
50,24.03
50,24.03
50,24.03
50,24.03
50,24.03
50,24.03
50,22.79
50,21.83
50,24.03
50,24.03
50,23.92
50,23.92
50,24.03
50,24.03
50,24.03
50,24.03
50,24.03
50,24.03
50,24.03
50,24.03
50,24.03
50,24.03
50,24.58
50,23.19
50,24.03
50,24.03
50,23.81
50,23.92
50,24.03
50,24.03
50,23.92
50,23.92
50,24.03
50,24.03
50,24.03
50,24.03
50,24.03
50,24.03
50,24.03
50,24.69
50,24.03
50,24.03
50,23.6
50,23.92
50,24.03
50,24.03
50,23.92
50,24.03
50,24.03
50,24.03
50,24.03
50,24.03
50,24.03
50,24.03
50,24.03
50,24.14
50,24.03
50,24.03
50,21.55
50,23.81
50,24.03
50,24.03
50,23.92
50,23.92
50,24.03
50,24.03
50,24.03
50,24.03
50,24.03
50,24.03
50,24.03
50,24.03
50,24.03
50,23.09
50,21.83
50,24.03
50,24.03
50,23.92
50,23.92
50,24.03
50,24.03
50,24.03
50,24.03
50,24.03
50,24.03
50,24.03
50,24.03
50,24.03
50,24.03
50,24.58
50,22.59
50,24.03
50,24.03
50,23.71
50,23.92
50,24.03
50,24.03
50,23.92
50,24.03
50,24.03
50,24.03
50,24.03
50,24.03
50,24.03
50,24.03
50,24.03
50,24.58
50,24.03
50,24.03
50,22.2
50,23.81
50,24.03
50,24.03
50,23.92
50,23.92
50,24.03
50,24.03
50,24.03
50,24.03
50,24.03
50,24.03
50,24.03
50,24.14
50,24.03
50,24.03
50,21.83
50,23.71
50,24.03
50,24.03
50,23.92
50,23.92
50,24.03
50,24.03
50,23.92
50,24.03
50,24.03
50,24.03
50,24.03
50,24.03
50,24.03
50,24.69
50,22.2
50,24.03
50,24.03
50,23.92
50,23.92
50,24.03
50,24.03
50,24.03
50,24.03
50,24.03
50,24.03
50,24.03
50,24.03
50,24.03
50,24.03
50,24.14
50,24.14
50,24.03
50,24.03
50,23.81
50,23.92
50,24.03
50,24.03
50,23.92
50,23.92
50,24.03
50,24.03
50,24.03
50,24.03
50,24.03
50,24.03
50,24.03
50,24.58
50,24.03
50,24.03
50,22.69
50,23.92
50,24.03
50,24.03
50,23.92
50,23.92
50,24.03
50,24.03
50,24.03
50,24.03
50,24.03
50,24.03
50,24.03
50,24.14
50,24.03
50,24.03
50,21.83
50,23.71
50,24.03
50,24.03
50,23.92
50,23.92
50,24.03
50,24.03
50,24.03
50,24.03
50,24.03
50,24.03
50,24.03
50,24.03
50,24.03
50,24.69
50,21.83
50,24.03
50,24.03
50,23.92
50,23.92
50,24.03
50,24.03
50,24.03
50,24.03
50,24.03
50,24.03
50,24.03
50,24.03
50,24.03
50,24.03
50,24.14
50,23.6
50,24.03
50,24.03
50,23.81
50,23.92
50,24.03
50,24.03
50,23.92
50,24.03
50,24.03
50,24.03
50,24.03
50,24.03
50,24.03
50,24.03
50,24.03
50,24.69
50,24.03
50,24.03
50,22.69
50,23.81
50,24.03
50,24.03
50,24.03
50,23.92
50,24.03
50,24.03
50,24.03
50,24.03
50,24.03
50,24.03
50,24.03
50,24.14
50,24.03
50,24.03
50,21.83
50,23.71
50,24.03
50,24.03
50,23.92
50,23.92
50,24.03
50,24.03
50,24.03
50,23.92
50,24.03
50,24.03
50,24.03
50,24.03
50,24.03
50,24.69
50,21.83
50,24.03
50,24.03
50,23.92
50,23.92
50,24.03
50,24.03
50,24.03
50,24.03
50,24.03
50,24.03
50,24.03
50,24.03
50,24.03
50,24.03
50,24.58
50,22.49
50,24.03
50,24.03
50,23.81
50,23.92
50,24.03
50,24.03
50,24.03
50,23.92
50,24.03
50,24.03
50,23.92
50,24.03
50,24.03
50,24.03
50,24.14
50,23.71
50,24.03
50,24.03
50,23.92
50,23.92
50,24.03
50,24.03
50,24.03
50,23.92
50,24.03
50,24.03
50,24.03
50,24.03
50,24.03
50,24.03
50,24.03
50,24.58
50,24.03
50,24.03
50,21.92
50,23.81
50,24.03
50,24.03
50,23.92
50,23.92
50,24.03
50,24.03
50,24.03
50,24.03
50,24.03
50,24.03
50,24.03
50,24.03
50,24.03
50,22.59
50,21.83
50,24.03
50,24.03
50,23.92
50,23.92
50,24.03
50,24.03
50,24.03
50,24.03
50,24.03
50,24.03
50,24.03
50,24.03
50,24.03
50,24.03
50,24.58
50,22.3
50,24.03
50,24.03
50,23.81
50,23.92
50,24.03
50,24.03
50,24.03
50,24.03
50,24.03
50,24.03
50,24.03
50,24.03
50,24.03
50,24.03
50,24.03
50,24.69
50,24.03
50,24.03
50,23.5
50,23.92
50,24.03
50,24.03
50,23.92
50,24.03
50,24.03
50,24.03
50,24.03
50,24.03
50,24.03
50,24.03
50,24.03
50,24.14
50,24.03
50,24.03
50,21.83
50,23.71
50,24.03
50,24.03
50,23.92
50,23.92
50,24.03
50,24.03
50,23.92
50,24.03
50,24.03
50,24.03
50,24.03
50,24.03
50,24.03
50,24.69
50,22.2
50,24.03
50,24.03
50,23.92
50,23.92
50,24.03
50,24.03
50,24.03
50,24.03
50,24.03
50,24.03
50,24.03
50,24.03
50,24.03
50,24.03
50,24.14
50,22.59
50,24.03
50,24.03
50,23.81
50,23.92
50,24.03
50,24.03
50,23.92
50,23.92
50,24.03
50,24.03
50,24.03
50,24.03
50,24.03
50,24.03
50,24.03
50,24.58
50,24.03
50,24.03
50,23.5
50,23.92
50,24.03
50,24.03
50,23.92
50,23.92
50,24.03
50,24.03
50,24.03
50,24.03
50,24.03
50,24.03
50,24.03
50,24.14
50,24.03
50,24.03
50,21.55
50,23.81
50,24.03
50,24.03
50,23.92
50,23.92
50,24.03
50,24.03
50,24.03
50,24.03
50,24.03
50,24.03
50,24.03
50,24.03
50,24.03
50,23.39
50,21.83
50,24.03
50,24.03
50,23.92
50,23.92
50,24.03
50,24.03
50,24.03
50,24.03
50,24.03
50,24.03
50,24.03
50,24.03
50,24.03
50,24.03
50,24.14
50,22.69
50,24.03
50,24.03
50,23.81
50,23.92
50,24.03
50,24.03
50,24.03
50,24.03
50,24.03
50,24.03
50,24.03
50,24.03
50,24.03
50,24.03
50,24.03
50,24.58
50,24.03
50,24.03
50,23.09
50,23.81
50,24.03
50,24.03
50,23.92
50,24.03
50,24.03
50,24.03
50,24.03
50,24.03
50,24.03
50,24.03
50,24.03
50,24.03
50,24.03
50,24.03
50,21.83
50,23.09
50,24.03
50,24.03
50,23.92
50,23.92
50,24.03
50,24.03
50,24.03
50,24.03
50,24.03
50,24.03
50,24.03
50,23.92
50,24.03
50,24.69
50,22.39
50,24.03
50,24.03
50,23.92
50,23.92
50,24.03
50,24.03
50,24.03
50,24.03
50,24.03
50,24.03
50,24.03
50,24.03
50,24.03
50,24.03
50,24.03
50,24.69
50,24.03
50,24.03
50,23.19
50,23.92
50,24.03
50,24.03
50,23.92
50,23.92
50,24.03
50,24.03
50,24.03
50,24.03
50,24.03
50,24.03
50,24.03
50,24.03
50,24.03
50,24.03
50,21.83
50,23.5
50,24.03
50,24.03
50,23.92
50,23.92
50,24.03
50,24.03
50,24.03
50,23.92
50,24.03
50,24.03
50,24.03
50,24.03
50,24.03
50,24.03
50,22.3
50,21.83
50,24.03
50,24.03
50,23.92
50,23.92
50,24.03
50,24.03
50,23.92
50,24.03
50,24.03
50,24.03
50,24.03
50,24.03
50,24.03
50,24.03
50,24.58
50,24.03
50,24.03
50,23.39
50,23.92
50,24.03
50,24.03
50,24.03
50,23.92
50,24.03
50,24.03
50,24.03
50,24.03
50,24.03
50,24.03
50,24.03
50,24.14
50,24.03
50,24.03
50,21.83
50,23.6
50,24.03
50,24.03
50,23.92
50,23.92
50,24.03
50,24.03
50,24.03
50,24.03
50,24.03
50,24.03
50,24.03
50,24.03
50,24.03
50,24.03
50,22.2
50,21.83
50,24.03
50,24.03
50,23.92
50,23.92
50,24.03
50,24.03
50,23.92
50,23.92
50,24.03
50,24.03
50,24.03
50,24.03
50,24.03
50,24.03
50,24.69
50,22.2
50,24.03
50,24.03
50,23.92
50,23.92
50,24.03
50,24.03
50,23.92
50,24.03
50,24.03
50,24.03
50,24.03
50,24.03
50,24.03
50,24.03
50,24.14
50,24.03
50,24.03
50,21.83
50,23.81
50,24.03
50,24.03
50,23.92
50,23.92
50,24.03
50,24.03
50,24.03
50,24.03
50,24.03
50,24.03
50,24.03
50,24.03
50,24.03
50,24.03
50,21.83
50,21.55
50,24.03
50,24.03
50,23.92
50,23.92
50,24.03
50,24.03
50,24.03
50,24.03
50,24.03
50,24.03
50,24.03
50,24.03
50,24.03
50,24.03
50,23.81
50,21.83
50,24.03
50,24.03
50,23.92
50,23.92
50,24.03
50,24.03
50,24.03
50,24.03
50,24.03
50,24.03
50,24.03
50,24.03
50,24.03
50,24.03
50,24.58
50,22.69
50,24.03
60,25.86
60,25.74
60,25.74
60,25.86
60,25.86
60,25.74
60,25.74
60,25.86
60,25.86
60,23.39
60,24.25
60,25.86
60,25.86
60,25.74
60,25.74
60,25.86
60,25.74
60,25.74
60,25.74
60,25.86
60,25.86
60,25.74
60,25.74
60,25.86
60,24.25
60,23.19
60,25.86
60,25.86
60,25.74
60,25.74
60,25.86
60,25.86
60,25.74
60,25.74
60,25.86
60,25.86
60,25.74
60,25.74
60,25.86
60,25.86
60,23.81
60,23.29
60,25.86
60,25.86
60,25.74
60,25.74
60,25.74
60,25.86
60,25.74
60,25.74
60,25.86
60,25.86
60,25.74
60,25.74
60,25.86
60,25.86
60,23.09
60,25.38
60,25.86
60,25.86
60,25.74
60,25.74
60,25.86
60,25.86
60,25.74
60,25.74
60,25.86
60,25.86
60,25.74
60,25.99
60,25.86
60,25.86
60,24.92
60,25.62
60,25.74
60,25.86
60,25.74
60,25.74
60,25.86
60,25.86
60,25.74
60,25.74
60,25.86
60,25.86
60,25.74
60,25.74
60,25.86
60,23.19
60,25.5
60,25.86
60,25.86
60,25.74
60,25.74
60,25.74
60,25.86
60,25.86
60,25.74
60,25.86
60,25.86
60,25.86
60,25.99
60,25.86
60,25.86
60,23.5
60,25.62
60,25.86
60,25.86
60,25.74
60,25.74
60,25.74
60,25.86
60,25.74
60,25.74
60,25.86
60,25.86
60,25.74
60,26.61
60,25.74
60,25.86
60,25.62
60,25.74
60,25.86
60,25.86
60,25.74
60,25.74
60,25.86
60,25.86
60,25.74
60,25.74
60,25.86
60,25.86
60,26.61
60,23.81
60,25.86
60,25.86
60,25.74
60,25.74
60,25.86
60,25.86
60,25.74
60,25.74
60,25.86
60,25.86
60,25.74
60,25.74
60,25.86
60,26.61
60,23.92
60,25.86
60,25.74
60,25.62
60,25.74
60,25.74
60,25.86
60,25.86
60,25.74
60,25.86
60,25.86
60,25.74
60,25.86
60,25.74
60,25.74
60,26.61
60,23.39
60,25.74
60,25.74
60,25.74
60,25.74
60,25.74
60,25.86
60,25.74
60,25.74
60,25.86
60,25.86
60,25.74
60,25.74
60,25.86
60,25.86
60,23.92
60,23.09
60,25.86
60,25.86
60,25.74
60,25.74
60,25.86
60,25.86
60,25.74
60,25.74
60,25.86
60,25.86
60,25.74
60,25.74
60,25.86
60,25.86
60,23.39
60,23.09
60,25.86
60,25.86
60,25.74
60,25.74
60,25.86
60,25.86
60,25.74
60,25.74
60,25.86
60,25.86
60,25.74
60,25.86
60,25.86
60,24.8
60,23.39
60,25.74
60,25.86
60,25.74
60,25.74
60,25.86
60,25.86
60,25.74
60,25.74
60,25.86
60,25.86
60,25.74
60,25.74
60,25.86
60,25.86
60,23.92
60,23.09
60,25.86
60,25.86
60,25.74
60,25.74
60,25.86
60,25.86
60,25.74
60,25.74
60,25.86
60,25.86
60,25.74
60,25.86
60,25.86
60,25.86
60,23.09
60,25.27
60,25.86
60,25.86
60,25.74
60,25.74
60,25.86
60,25.86
60,25.74
60,25.74
60,25.74
60,25.86
60,25.86
60,25.99
60,25.86
60,25.86
60,23.71
60,25.62
60,25.86
60,25.86
60,25.74
60,25.74
60,25.86
60,25.86
60,25.74
60,25.74
60,25.86
60,25.86
60,25.86
60,25.74
60,25.86
60,23.39
60,25.03
60,25.74
60,25.86
60,25.74
60,25.74
60,25.86
60,25.86
60,25.74
60,25.74
60,25.86
60,25.86
60,25.86
60,25.74
60,25.86
60,25.86
60,23.39
60,25.27
60,25.86
60,25.86
60,25.74
60,25.74
60,25.86
60,25.86
60,25.74
60,25.74
60,25.86
60,25.86
60,25.74
60,25.99
60,25.74
60,25.86
60,23.09
60,25.62
60,25.86
60,25.86
60,25.74
60,25.74
60,25.86
60,25.86
60,25.86
60,25.74
60,25.86
60,25.86
60,25.74
60,26.48
60,25.86
60,25.86
60,25.15
60,25.62
60,25.86
60,25.86
60,25.74
60,25.74
60,25.86
60,25.86
60,25.86
60,25.74
60,25.86
60,25.86
60,25.99
60,25.74
60,25.74
60,23.81
60,25.62
60,25.86
60,25.86
60,25.74
60,25.74
60,25.86
60,25.86
60,25.74
60,25.74
60,25.86
60,25.74
60,25.99
60,26.61
60,25.86
60,25.86
60,25.62
60,25.74
60,25.86
60,25.86
60,25.74
60,25.74
60,25.86
60,25.86
60,25.74
60,25.74
60,25.86
60,25.86
60,26.48
60,24.14
60,25.86
60,25.86
60,25.74
60,25.74
60,25.86
60,25.86
60,25.74
60,25.74
60,25.86
60,25.74
60,25.74
60,25.86
60,25.86
60,25.86
60,26.61
60,23.39
60,25.86
60,25.86
60,25.74
60,25.74
60,25.86
60,25.86
60,25.74
60,25.74
60,25.74
60,25.86
60,25.86
60,25.86
60,25.86
60,26.48
60,24.14
60,25.86
60,25.74
60,25.62
60,25.74
60,25.86
60,25.86
60,25.74
60,25.74
60,25.86
60,25.86
60,25.74
60,25.74
60,25.86
60,25.86
60,26.61
60,23.92
60,25.86
60,25.86
60,25.74
60,25.74
60,25.86
60,25.86
60,25.74
60,25.74
60,25.86
60,25.86
60,25.86
60,25.74
60,25.74
60,25.86
60,26.61
60,23.39
60,25.86
60,25.86
60,25.74
60,25.74
60,25.86
60,25.86
60,25.74
60,25.74
60,25.86
60,25.86
60,25.74
60,25.74
60,25.86
60,25.86
60,23.81
60,24.03
60,25.86
60,25.86
60,25.74
60,25.74
60,25.86
60,25.86
60,25.74
60,25.74
60,25.74
60,25.74
60,25.74
60,25.74
60,25.86
60,24.14
60,23.09
60,25.74
60,25.86
60,25.74
60,25.74
60,25.74
60,25.86
60,25.86
60,25.74
60,25.86
60,25.86
60,25.86
60,25.74
60,25.86
60,25.86
60,23.39
60,23.71
60,25.86
60,25.86
60,25.74
60,25.74
60,25.86
60,25.86
60,25.74
60,25.74
60,25.86
60,25.74
60,25.74
60,25.99
60,25.86
60,25.86
60,23.19
60,25.5
60,25.86
60,25.86
60,25.74
60,25.74
60,25.86
60,25.86
60,25.74
60,25.74
60,25.86
60,25.86
60,25.74
60,25.99
60,25.86
60,25.86
60,25.15
60,25.62
60,25.74
60,25.86
60,25.74
60,25.74
60,25.74
60,25.86
60,25.74
60,25.74
60,25.86
60,25.86
60,25.99
60,25.74
60,25.86
60,23.09
60,25.62
60,25.86
60,25.86
60,25.74
60,25.74
60,25.74
60,25.86
60,25.74
60,25.74
60,25.86
60,25.86
60,25.99
60,26.61
60,25.74
60,25.86
60,25.62
60,25.74
60,25.74
60,25.86
60,25.74
60,25.74
60,25.86
60,25.86
60,25.74
60,25.74
60,25.86
60,25.74
60,26.61
60,23.81
60,25.86
60,25.86
60,25.74
60,25.74
60,25.86
60,25.86
60,25.74
60,25.74
60,25.86
60,25.86
60,25.74
60,25.74
60,25.74
60,25.86
60,24.47
60,23.19
60,25.86
60,25.86
60,25.74
60,25.74
60,25.86
60,25.86
60,25.74
60,25.74
60,25.86
60,25.74
60,25.74
60,25.74
60,25.86
60,26.74
60,23.39
60,25.74
60,25.86
60,25.74
60,25.74
60,25.74
60,25.86
60,25.74
60,25.74
60,25.86
60,25.86
60,25.74
60,25.74
60,25.86
60,25.86
60,23.81
60,23.09
60,25.86
60,25.86
60,25.74
60,25.74
60,25.86
60,25.86
60,25.74
60,25.74
60,25.86
60,25.74
60,25.74
60,25.86
60,25.86
60,25.86
60,23.39
60,25.03
60,25.86
60,25.86
60,25.74
60,25.74
60,25.86
60,25.86
60,25.74
60,25.86
60,25.86
60,25.86
60,25.74
60,25.74
60,25.86
60,25.86
60,23.09
60,25.5
60,25.86
60,25.86
60,25.74
60,25.74
60,25.86
60,25.86
60,25.74
60,25.74
60,25.86
60,25.86
60,25.74
60,25.74
60,25.86
60,23.39
60,24.92
60,25.86
60,25.86
60,25.74
60,25.74
60,25.86
60,25.86
60,25.74
60,25.86
60,25.86
60,25.86
60,25.86
60,25.74
60,25.86
60,25.86
60,23.09
60,25.62
60,25.86
60,25.86
60,25.74
60,25.74
60,25.86
60,25.86
60,25.74
60,25.74
60,25.86
60,25.86
60,25.74
60,26.61
60,25.74
60,25.86
60,25.38
60,25.74
60,25.86
60,25.86
60,25.74
60,25.74
60,25.86
60,25.86
60,25.74
60,25.74
60,25.86
60,25.86
60,25.74
60,26.61
60,25.86
60,25.86
60,25.5
60,25.74
60,25.86
60,25.86
60,25.74
60,25.74
60,25.86
60,25.74
60,25.74
60,25.74
60,25.86
60,25.86
60,25.99
60,25.86
60,25.74
60,24.69
60,25.62
60,25.74
60,25.86
60,25.74
60,25.74
60,25.74
60,25.86
60,25.74
60,25.74
60,25.86
60,25.86
60,25.86
60,26.61
60,25.74
60,25.74
60,25.5
60,25.62
60,25.86
60,25.86
60,25.74
60,25.74
60,25.86
60,25.86
60,25.74
60,25.74
60,25.86
60,25.86
60,25.99
60,25.15
60,25.86
60,25.86
60,25.62
60,25.74
60,25.86
60,25.86
60,25.74
60,25.74
60,25.86
60,25.86
60,25.74
60,25.74
60,25.86
60,25.86
60,26.61
60,23.81
60,25.74
60,25.86
60,25.62
60,25.74
60,25.86
60,25.86
60,25.74
60,25.74
60,25.86
60,25.86
60,25.74
60,25.74
60,25.86
60,26.48
60,24.14
60,25.74
60,25.86
60,25.74
60,25.74
60,25.86
60,25.86
60,25.86
60,25.74
60,25.86
60,25.86
60,25.86
60,25.74
60,25.86
60,25.86
60,25.62
60,23.39
60,25.86
60,25.86
60,25.74
60,25.74
60,25.86
60,25.74
60,25.74
60,25.86
60,25.86
60,25.86
60,25.86
60,25.74
60,25.86
60,25.74
60,23.81
60,24.47
60,25.86
60,25.86
60,25.74
60,25.74
60,25.74
60,25.86
60,25.74
60,25.86
60,25.86
60,25.86
60,25.86
60,25.74
60,25.86
60,25.86
60,23.19
60,25.5
60,25.86
60,25.86
60,25.74
60,25.74
60,25.86
60,25.86
60,25.74
60,25.74
60,25.86
60,25.74
60,25.74
60,25.74
60,25.86
60,23.39
60,23.09
60,25.86
60,25.86
60,25.74
60,25.74
60,25.86
60,25.86
60,25.74
60,25.74
60,25.86
60,25.86
60,25.86
60,25.86
60,25.86
60,25.86
60,23.19
60,25.38
60,25.86
60,25.86
60,25.74
60,25.74
60,25.86
60,25.74
60,25.74
60,25.74
60,25.86
60,25.86
60,25.86
60,25.99
60,25.86
60,25.86
60,24.69
60,25.74
60,25.86
60,25.86
60,25.74
60,25.74
60,25.74
60,25.86
60,25.74
60,25.86
60,25.86
60,25.86
60,25.74
60,26.61
60,25.86
60,25.86
60,25.38
60,25.74
60,25.86
60,25.86
60,25.74
60,25.74
60,25.86
60,25.86
60,25.86
60,25.74
60,25.86
60,25.86
60,25.99
60,25.74
60,25.74
60,23.71
60,25.62
60,25.86
60,25.86
60,25.74
60,25.74
60,25.86
60,25.86
60,25.86
60,25.74
60,25.86
60,25.86
60,25.74
60,26.61
60,25.74
60,25.86
60,25.38
60,25.62
60,25.86
60,25.86
60,25.74
60,25.74
60,25.86
60,25.86
60,25.74
60,25.86
60,25.86
60,25.86
60,25.99
60,26.61
60,25.74
60,25.86
60,25.62
60,25.74
60,25.86
60,25.86
60,25.74
60,25.74
60,25.86
60,25.86
60,25.74
60,25.74
60,25.86
60,25.86
60,26.61
60,23.92
60,25.86
60,25.86
60,25.62
60,25.74
60,25.86
60,25.86
60,25.74
60,25.74
60,25.86
60,25.86
60,25.74
60,25.74
60,25.86
60,25.99
60,26.61
60,25.86
60,25.74
60,25.74
60,25.74
60,25.86
60,25.74
60,25.74
60,25.74
60,25.74
60,25.74
60,25.74
60,25.74
60,25.86
60,25.86
60,26.61
60,23.81
60,25.86
60,25.86
60,25.74
60,25.74
60,25.74
60,25.86
60,25.74
60,25.74
60,25.86
60,25.74
60,25.74
60,25.74
60,25.86
60,25.86
60,23.39
60,23.71
60,25.86
60,25.86
60,25.74
60,25.74
60,25.86
60,25.86
60,25.74
60,25.86
60,25.86
60,25.74
60,25.74
60,25.99
60,25.86
60,25.86
60,23.09
60,25.62
60,25.86
